Item_Identifier,Item_Weight,Item_Fat_Content,Item_Visibility,Item_Type,Item_MRP,Outlet_Identifier,Outlet_Establishment_Year,Outlet_Size,Outlet_Location_Type,Outlet_Type,Item_Outlet_Sales
FDI14,14.1,Low Fat,0.089817198,Canned,142.7496,OUT049,1999,Medium,Tier 1,Supermarket Type1,3528.74
NCX06,17.6,Low Fat,0.015775777,Household,179.1976,OUT017,2007,,Tier 2,Supermarket Type1,3803.0496
FDJ34,11.8,Regular,0.093655728,Snack Foods,127.1704,OUT046,1997,Small,Tier 1,Supermarket Type1,3004.0896
FDB53,13.35,Low Fat,0.139735226,Frozen Foods,147.5392,OUT045,2002,,Tier 2,Supermarket Type1,3877.6192
NCE30,16,Low Fat,0.09911729,Household,210.7902,OUT035,2004,Small,Tier 2,Supermarket Type1,4460.1942
FDX22,6.785,Regular,0.022970468,Snack Foods,211.0928,OUT035,2004,Small,Tier 2,Supermarket Type1,4418.2488
FDA20,6.78,Low Fat,0.066565644,Fruits and Vegetables,185.324,OUT013,1987,High,Tier 3,Supermarket Type1,3914.904
FDF28,,Regular,0.037681359,Frozen Foods,125.1046,OUT027,1985,Medium,Tier 3,Supermarket Type3,3859.6426
FDT52,9.695,Regular,0.047503318,Frozen Foods,244.6144,OUT049,1999,Medium,Tier 1,Supermarket Type1,3185.1872
NCQ42,20.35,Low Fat,0.039428167,Household,127.9678,OUT018,2009,Medium,Tier 3,Supermarket Type2,3560.6984
FDE02,8.71,Low Fat,0.121936216,Canned,94.4778,OUT017,2007,,Tier 2,Supermarket Type1,2628.5784
FDR59,14.5,Regular,0.063810405,Breads,263.2594,OUT013,1987,High,Tier 3,Supermarket Type1,2878.2534
FDY33,,Regular,0.096730427,Snack Foods,159.0262,OUT027,1985,Medium,Tier 3,Supermarket Type3,5887.6694
FDW27,5.86,Regular,0.151159243,Meat,156.6314,OUT045,2002,,Tier 2,Supermarket Type1,3257.7594
FDT12,6.215,Regular,0.049580407,Baking Goods,227.4062,OUT013,1987,High,Tier 3,Supermarket Type1,5191.2426
NCZ54,14.65,Low Fat,0.083698962,Household,163.4552,OUT018,2009,Medium,Tier 3,Supermarket Type2,2599.2832
FDE04,19.75,Regular,0.018019662,Frozen Foods,181.566,OUT035,2004,Small,Tier 2,Supermarket Type1,2876.256
FDU44,,Regular,0.058142797,Fruits and Vegetables,162.1552,OUT027,1985,Medium,Tier 3,Supermarket Type3,3086.6488
FDB05,5.155,Low Fat,0.083327693,Frozen Foods,247.2776,OUT049,1999,Medium,Tier 1,Supermarket Type1,5944.2624
NCE18,10,Low Fat,0.021425341,Household,250.175,OUT046,1997,Small,Tier 1,Supermarket Type1,2996.1
FDI04,13.65,reg,0.073060301,Frozen Foods,196.2426,OUT045,2002,,Tier 2,Supermarket Type1,2570.6538
FDP45,15.7,Regular,0.030672457,Snack Foods,253.1724,OUT049,1999,Medium,Tier 1,Supermarket Type1,5285.1204
FDB32,,Low Fat,0.023339367,Fruits and Vegetables,94.8778,OUT027,1985,Medium,Tier 3,Supermarket Type3,4036.7454
FDP03,5.15,Regular,0.06117708,Meat,121.8388,OUT046,1997,Small,Tier 1,Supermarket Type1,3219.8088
FDX56,17.1,Regular,0.074059474,Fruits and Vegetables,209.0638,OUT046,1997,Small,Tier 1,Supermarket Type1,3520.0846
FDQ01,19.7,Regular,0.16102755,Canned,254.1014,OUT045,2002,,Tier 2,Supermarket Type1,4845.0266
FDJ44,12.3,Regular,0.106928681,Fruits and Vegetables,173.7396,OUT017,2007,,Tier 2,Supermarket Type1,3663.2316
FDI08,18.2,Regular,0.066567121,Fruits and Vegetables,250.2092,OUT018,2009,Medium,Tier 3,Supermarket Type2,2988.1104
FDY60,,Regular,0.02624324,Baking Goods,143.8128,OUT027,1985,Medium,Tier 3,Supermarket Type3,4458.1968
FDM58,,reg,0,Snack Foods,112.2544,OUT027,1985,Medium,Tier 3,Supermarket Type3,3914.904
FDF33,7.97,LF,0.021531416,Seafood,108.4596,OUT035,2004,Small,Tier 2,Supermarket Type1,3020.0688
FDK33,17.85,Low Fat,0.011281018,Snack Foods,213.756,OUT018,2009,Medium,Tier 3,Supermarket Type2,3408.896
FDQ07,15.1,Regular,0.087762922,Fruits and Vegetables,221.5456,OUT018,2009,Medium,Tier 3,Supermarket Type2,2873.5928
FDN02,,Low Fat,0.073470234,Canned,205.3638,OUT027,1985,Medium,Tier 3,Supermarket Type3,5383.6588
FDT32,19,Regular,0.066005186,Fruits and Vegetables,188.4214,OUT017,2007,,Tier 2,Supermarket Type1,2826.321
FDQ10,12.85,Low Fat,0.03315162,Snack Foods,170.6422,OUT013,1987,High,Tier 3,Supermarket Type1,2931.5174
FDX07,19.2,Regular,0,Fruits and Vegetables,184.595,OUT018,2009,Medium,Tier 3,Supermarket Type2,3844.995
FDY16,,Regular,0.091780142,Frozen Foods,182.5266,OUT027,1985,Medium,Tier 3,Supermarket Type3,6454.931
FDA20,6.78,Low Fat,0.066608487,Fruits and Vegetables,184.624,OUT035,2004,Small,Tier 2,Supermarket Type1,5406.296
FDW40,14,Regular,0.105145451,Frozen Foods,144.2812,OUT046,1997,Small,Tier 1,Supermarket Type1,4844.3608
FDN32,17.5,Low Fat,0.015623754,Fruits and Vegetables,182.6266,OUT018,2009,Medium,Tier 3,Supermarket Type2,3135.2522
FDN60,15.1,Low Fat,0.095545715,Baking Goods,157.3604,OUT018,2009,Medium,Tier 3,Supermarket Type2,4436.8912
FDM36,,Regular,0.058446424,Baking Goods,172.1422,OUT027,1985,Medium,Tier 3,Supermarket Type3,5518.1504
FDS31,13.1,reg,0,Fruits and Vegetables,178.9318,OUT049,1999,Medium,Tier 1,Supermarket Type1,3067.3406
FDT21,7.42,Low Fat,0.020387989,Snack Foods,247.1092,OUT035,2004,Small,Tier 2,Supermarket Type1,4233.1564
FDQ52,,Low Fat,0.118806857,Frozen Foods,248.8434,OUT027,1985,Medium,Tier 3,Supermarket Type3,6705.2718
FDU12,15.5,Regular,0.075736746,Baking Goods,265.5568,OUT035,2004,Small,Tier 2,Supermarket Type1,4482.1656
FDO08,11.1,Regular,0.054079556,Fruits and Vegetables,165.9526,OUT017,2007,,Tier 2,Supermarket Type1,2631.2416
FDK03,12.6,Regular,0.074338562,Dairy,255.5356,OUT017,2007,,Tier 2,Supermarket Type1,9664.7528
NCL31,7.39,LF,0.120467994,Others,145.147,OUT049,1999,Medium,Tier 1,Supermarket Type1,5296.439
FDE36,5.26,Regular,0.042008667,Baking Goods,162.6868,OUT017,2007,,Tier 2,Supermarket Type1,3767.0964
FDM34,,Low Fat,0.067120954,Snack Foods,132.9626,OUT027,1985,Medium,Tier 3,Supermarket Type3,3279.065
FDW43,20.1,Regular,0.022552083,Fruits and Vegetables,226.6036,OUT017,2007,,Tier 2,Supermarket Type1,6831.108
FDV24,5.635,Low Fat,0.103693024,Baking Goods,149.905,OUT018,2009,Medium,Tier 3,Supermarket Type2,2546.685
NCS29,,LF,0.069208684,Health and Hygiene,264.0884,OUT027,1985,Medium,Tier 3,Supermarket Type3,4504.8028
FDL26,18,Low Fat,0.073606829,Canned,156.6972,OUT017,2007,,Tier 2,Supermarket Type1,4206.5244
FDD56,15.2,Regular,0.103988736,Fruits and Vegetables,177.0054,OUT045,2002,,Tier 2,Supermarket Type1,3677.2134
NCQ18,,Low Fat,0.134418705,Household,99.67,OUT027,1985,Medium,Tier 3,Supermarket Type3,2596.62
FDV49,10,Low Fat,0.025879577,Canned,265.2226,OUT045,2002,,Tier 2,Supermarket Type1,5815.0972
FDN23,6.575,Regular,0.07566089,Breads,145.4444,OUT045,2002,,Tier 2,Supermarket Type1,2612.5992
FDD46,,Low Fat,0.140571971,Snack Foods,154.7998,OUT027,1985,Medium,Tier 3,Supermarket Type3,3383.5956
FDR28,13.85,Regular,0.025896485,Frozen Foods,165.021,OUT046,1997,Small,Tier 1,Supermarket Type1,4078.025
FDX51,9.5,Regular,0.022058724,Meat,196.8452,OUT046,1997,Small,Tier 1,Supermarket Type1,3523.4136
FDU12,,Regular,0.075384242,Baking Goods,262.7568,OUT027,1985,Medium,Tier 3,Supermarket Type3,7646.0472
FDD29,12.15,Low Fat,0.018439138,Frozen Foods,254.7698,OUT049,1999,Medium,Tier 1,Supermarket Type1,5073.396
FDX11,16,Regular,0.106968577,Baking Goods,180.5634,OUT045,2002,,Tier 2,Supermarket Type1,2726.451
FDK48,,Low Fat,0.037449987,Baking Goods,76.7354,OUT027,1985,Medium,Tier 3,Supermarket Type3,2783.7098
FDX25,16.7,Low Fat,0.10203648,Canned,180.9292,OUT035,2004,Small,Tier 2,Supermarket Type1,2736.438
FDY45,17.5,Low Fat,0.026182758,Snack Foods,253.6356,OUT049,1999,Medium,Tier 1,Supermarket Type1,5086.712
DRK23,8.395,Low Fat,0.07226985,Hard Drinks,254.104,OUT018,2009,Medium,Tier 3,Supermarket Type2,3542.056
FDD14,20.7,Low Fat,0.169776346,Canned,184.4266,OUT035,2004,Small,Tier 2,Supermarket Type1,3688.532
FDC35,7.435,Low Fat,0.122837694,Starchy Foods,208.7638,OUT046,1997,Small,Tier 1,Supermarket Type1,3105.957
FDF35,15,Low Fat,0.154860353,Starchy Foods,106.1938,OUT017,2007,,Tier 2,Supermarket Type1,4073.3644
FDV57,15.25,Regular,0.066269294,Snack Foods,179.666,OUT017,2007,,Tier 2,Supermarket Type1,6471.576
FDK40,7.035,Low Fat,0,Frozen Foods,262.691,OUT013,1987,High,Tier 3,Supermarket Type1,6048.793
FDA04,11.3,Regular,0.066717378,Frozen Foods,260.8962,OUT035,2004,Small,Tier 2,Supermarket Type1,4920.9278
FDT55,13.6,Regular,0.043618827,Fruits and Vegetables,156.7946,OUT013,1987,High,Tier 3,Supermarket Type1,2840.3028
FDX26,,Low Fat,0.087383304,Dairy,180.4292,OUT027,1985,Medium,Tier 3,Supermarket Type3,4013.4424
FDU57,8.27,Regular,0.089735804,Snack Foods,148.7708,OUT045,2002,,Tier 2,Supermarket Type1,2708.4744
FDU51,20.2,Regular,0.096709408,Meat,175.8028,OUT045,2002,,Tier 2,Supermarket Type1,3896.2616
FDK20,12.6,Regular,0.041622264,Fruits and Vegetables,124.0072,OUT049,1999,Medium,Tier 1,Supermarket Type1,4042.7376
FDR31,6.46,Regular,0.04923932,Fruits and Vegetables,144.4102,OUT049,1999,Medium,Tier 1,Supermarket Type1,4374.306
DRD15,10.6,Low Fat,0.056795923,Dairy,232.8642,OUT046,1997,Small,Tier 1,Supermarket Type1,3485.463
FDF56,16.7,Regular,0.119647957,Fruits and Vegetables,180.9976,OUT049,1999,Medium,Tier 1,Supermarket Type1,4165.2448
NCU41,18.85,Low Fat,0.05213575,Health and Hygiene,190.1846,OUT049,1999,Medium,Tier 1,Supermarket Type1,6687.961
FDQ11,5.695,Regular,0.06797671,Breads,257.4988,OUT018,2009,Medium,Tier 3,Supermarket Type2,3083.9856
FDV21,11.5,Low Fat,0.171050595,Snack Foods,126.3704,OUT035,2004,Small,Tier 2,Supermarket Type1,3880.2824
DRC27,13.8,Low Fat,0.058192802,Dairy,246.9802,OUT049,1999,Medium,Tier 1,Supermarket Type1,5896.3248
FDB58,10.5,reg,0.013485235,Snack Foods,140.0154,OUT013,1987,High,Tier 3,Supermarket Type1,3119.9388
NCK19,9.8,Low Fat,0.090834158,Others,192.2478,OUT018,2009,Medium,Tier 3,Supermarket Type2,4068.7038
FDI26,5.94,Low Fat,0.034880143,Canned,177.9344,OUT035,2004,Small,Tier 2,Supermarket Type1,4460.86
NCZ06,19.6,Low Fat,0.094694278,Household,254.9698,OUT017,2007,,Tier 2,Supermarket Type1,2536.698
FDH05,14.35,Regular,0.090913642,Frozen Foods,231.2984,OUT046,1997,Small,Tier 1,Supermarket Type1,3243.7776
FDM08,10.1,Regular,0,Fruits and Vegetables,225.1088,OUT013,1987,High,Tier 3,Supermarket Type1,3579.3408
FDW56,7.68,Low Fat,0.071010513,Fruits and Vegetables,190.9162,OUT049,1999,Medium,Tier 1,Supermarket Type1,5195.2374
NCY18,7.285,Low Fat,0.031145743,Household,173.6054,OUT035,2004,Small,Tier 2,Supermarket Type1,2626.581
FDV35,19.5,Low Fat,0.128728258,Breads,155.3314,OUT018,2009,Medium,Tier 3,Supermarket Type2,3412.8908
FDR59,14.5,Regular,0.063863551,Breads,262.3594,OUT046,1997,Small,Tier 1,Supermarket Type1,4448.2098
FDC45,,Low Fat,0.135075924,Fruits and Vegetables,170.3106,OUT027,1985,Medium,Tier 3,Supermarket Type3,3422.212
DRE48,8.43,Low Fat,0.017311312,Soft Drinks,197.8768,OUT013,1987,High,Tier 3,Supermarket Type1,3744.4592
FDD44,8.05,Regular,0.078400465,Fruits and Vegetables,259.0646,OUT046,1997,Small,Tier 1,Supermarket Type1,4380.2982
FDB27,,Low Fat,0.055121892,Dairy,196.7768,OUT027,1985,Medium,Tier 3,Supermarket Type3,5912.304
FDB08,,Low Fat,0.030952737,Fruits and Vegetables,160.1578,OUT027,1985,Medium,Tier 3,Supermarket Type3,3048.6982
FDS33,,Regular,0.122830885,Snack Foods,86.9514,OUT027,1985,Medium,Tier 3,Supermarket Type3,3364.9532
DRE49,20.75,Low Fat,0.021293097,Soft Drinks,151.9024,OUT045,2002,,Tier 2,Supermarket Type1,2732.4432
FDR59,14.5,Regular,0.063962842,Breads,263.1594,OUT049,1999,Medium,Tier 1,Supermarket Type1,2616.594
NCL53,7.5,Low Fat,0.036308404,Health and Hygiene,175.4028,OUT045,2002,,Tier 2,Supermarket Type1,2833.6448
FDX47,6.55,Regular,0.034745307,Breads,158.8288,OUT018,2009,Medium,Tier 3,Supermarket Type2,4399.6064
FDS50,17,Low Fat,0.055545797,Dairy,220.5114,OUT045,2002,,Tier 2,Supermarket Type1,5321.0736
FDP52,18.7,Regular,0,Frozen Foods,229.201,OUT035,2004,Small,Tier 2,Supermarket Type1,3215.814
FDY14,10.3,Low Fat,0.070040195,Dairy,263.0226,OUT046,1997,Small,Tier 1,Supermarket Type1,4229.1616
FDB23,19.2,Regular,0.005620213,Starchy Foods,226.6062,OUT017,2007,,Tier 2,Supermarket Type1,5191.2426
FDV25,5.905,low fat,0.045614252,Canned,221.5456,OUT013,1987,High,Tier 3,Supermarket Type1,6852.4136
FDK51,19.85,Low Fat,0.005235143,Dairy,265.8884,OUT046,1997,Small,Tier 1,Supermarket Type1,2649.884
FDA04,11.3,Regular,0.067107448,Frozen Foods,258.1962,OUT017,2007,,Tier 2,Supermarket Type1,4402.9354
FDZ34,6.695,Low Fat,0.075878519,Starchy Foods,194.082,OUT046,1997,Small,Tier 1,Supermarket Type1,3861.64
FDE22,9.695,Low Fat,0.029693277,Snack Foods,159.792,OUT018,2009,Medium,Tier 3,Supermarket Type2,2716.464
FDA46,13.6,Low Fat,0.117537563,Snack Foods,195.4136,OUT013,1987,High,Tier 3,Supermarket Type1,5443.5808
FDV25,5.905,Low Fat,0.04572322,Canned,222.1456,OUT049,1999,Medium,Tier 1,Supermarket Type1,5747.1856
FDN38,6.615,Regular,0.091971856,Canned,251.6408,OUT046,1997,Small,Tier 1,Supermarket Type1,6008.1792
FDE11,,Regular,0.134441765,Starchy Foods,183.9924,OUT027,1985,Medium,Tier 3,Supermarket Type3,6478.234
FDD35,12.15,Low Fat,0,Starchy Foods,119.244,OUT035,2004,Small,Tier 2,Supermarket Type1,2636.568
FDZ31,,Regular,0.112668963,Fruits and Vegetables,191.0504,OUT027,1985,Medium,Tier 3,Supermarket Type3,5752.512
NCK18,9.6,Low Fat,0,Household,163.9184,OUT035,2004,Small,Tier 2,Supermarket Type1,4293.0784
FDQ32,17.85,Regular,0.046680961,Fruits and Vegetables,121.9388,OUT049,1999,Medium,Tier 1,Supermarket Type1,3962.8416
FDS27,10.195,Regular,0.012528611,Meat,195.111,OUT017,2007,,Tier 2,Supermarket Type1,3731.809
FDI50,8.42,Regular,0.030816999,Canned,230.8352,OUT013,1987,High,Tier 3,Supermarket Type1,3435.528
FDF21,10.3,Regular,0.058778429,Fruits and Vegetables,187.853,OUT013,1987,High,Tier 3,Supermarket Type1,2656.542
NCN26,10.85,LF,0.028674471,Household,115.1808,OUT035,2004,Small,Tier 2,Supermarket Type1,3866.9664
FDU02,13.35,low fat,0.103091351,Dairy,229.9352,OUT017,2007,,Tier 2,Supermarket Type1,2519.3872
DRZ24,7.535,Low Fat,0.082250143,Soft Drinks,118.344,OUT017,2007,,Tier 2,Supermarket Type1,3115.944
FDM21,,Low Fat,0.064052392,Snack Foods,256.1646,OUT027,1985,Medium,Tier 3,Supermarket Type3,7472.2734
FDQ40,11.1,Regular,0.036027524,Frozen Foods,177.2712,OUT046,1997,Small,Tier 1,Supermarket Type1,3339.6528
FDO48,15,Regular,0.026840766,Baking Goods,219.8456,OUT046,1997,Small,Tier 1,Supermarket Type1,4863.0032
FDG12,,Regular,0.006295472,Baking Goods,122.4098,OUT027,1985,Medium,Tier 3,Supermarket Type3,3735.8038
FDQ23,6.55,Low Fat,0.024521191,Breads,100.6332,OUT035,2004,Small,Tier 2,Supermarket Type1,2665.8632
FDR22,19.35,Regular,0.018600249,Snack Foods,110.2544,OUT045,2002,,Tier 2,Supermarket Type1,2908.2144
FDY04,17.7,Regular,0.042562588,Frozen Foods,165.021,OUT045,2002,,Tier 2,Supermarket Type1,3425.541
FDR23,15.85,Low Fat,0.081719458,Breads,178.037,OUT013,1987,High,Tier 3,Supermarket Type1,2646.555
FDB40,17.5,Regular,0.007538459,Dairy,144.2102,OUT035,2004,Small,Tier 2,Supermarket Type1,4082.6856
FDB44,6.655,Low Fat,0.016944719,Fruits and Vegetables,209.2586,OUT013,1987,High,Tier 3,Supermarket Type1,2954.8204
DRP47,15.75,Low Fat,0.14048631,Hard Drinks,252.7382,OUT013,1987,High,Tier 3,Supermarket Type1,3280.3966
FDY38,13.6,Regular,0.119850541,Dairy,234.53,OUT017,2007,,Tier 2,Supermarket Type1,6524.84
FDX36,9.695,Regular,0.128805815,Baking Goods,224.0404,OUT018,2009,Medium,Tier 3,Supermarket Type2,5851.0504
FDJ21,16.7,Regular,0.038685176,Snack Foods,146.6102,OUT018,2009,Medium,Tier 3,Supermarket Type2,2770.3938
FDO58,19.6,Low Fat,0.039569689,Snack Foods,165.9526,OUT035,2004,Small,Tier 2,Supermarket Type1,2631.2416
FDI09,20.75,Regular,0.129864461,Seafood,240.188,OUT018,2009,Medium,Tier 3,Supermarket Type2,5992.2
FDF05,17.5,Low Fat,0.026912667,Frozen Foods,261.291,OUT049,1999,Medium,Tier 1,Supermarket Type1,3418.883
NCQ02,12.6,Low Fat,0.007455054,Household,186.9556,OUT035,2004,Small,Tier 2,Supermarket Type1,3942.8676
FDV04,,Regular,0.149288779,Frozen Foods,158.4288,OUT027,1985,Medium,Tier 3,Supermarket Type3,2985.4472
FDA46,13.6,Low Fat,0.117818348,Snack Foods,192.9136,OUT049,1999,Medium,Tier 1,Supermarket Type1,2527.3768
FDX11,16,Regular,0.107186944,Baking Goods,181.9634,OUT018,2009,Medium,Tier 3,Supermarket Type2,3453.5046
FDV46,18.2,Low Fat,0.012627478,Snack Foods,140.818,OUT049,1999,Medium,Tier 1,Supermarket Type1,3495.45
FDB11,16,Low Fat,0.060971431,Starchy Foods,226.2404,OUT045,2002,,Tier 2,Supermarket Type1,4725.8484
FDE34,9.195,Low Fat,0.108059141,Snack Foods,181.7634,OUT049,1999,Medium,Tier 1,Supermarket Type1,6179.9556
FDX32,15.1,Regular,0.100060762,Fruits and Vegetables,144.0786,OUT045,2002,,Tier 2,Supermarket Type1,2600.6148
DRK23,8.395,Low Fat,0.072383777,Hard Drinks,251.504,OUT017,2007,,Tier 2,Supermarket Type1,7084.112
FDD56,15.2,Regular,0.104365283,Fruits and Vegetables,177.1054,OUT017,2007,,Tier 2,Supermarket Type1,3151.8972
DRN47,12.1,Low Fat,0.016823566,Hard Drinks,178.566,OUT035,2004,Small,Tier 2,Supermarket Type1,3775.086
NCO05,7.27,Low Fat,0.046822808,Health and Hygiene,99.3384,OUT017,2007,,Tier 2,Supermarket Type1,2759.0752
FDZ20,,Low Fat,0,Fruits and Vegetables,253.0356,OUT027,1985,Medium,Tier 3,Supermarket Type3,11445.102
NCQ53,17.6,Low Fat,0.018943666,Health and Hygiene,237.359,OUT045,2002,,Tier 2,Supermarket Type1,6145.334
FDX39,14.3,reg,0.049676157,Meat,212.4586,OUT046,1997,Small,Tier 1,Supermarket Type1,3799.0548
NCM54,17.7,LF,0.051146565,Household,127.3678,OUT018,2009,Medium,Tier 3,Supermarket Type2,3306.3628
NCQ53,17.6,Low Fat,0.018982338,Health and Hygiene,237.059,OUT018,2009,Medium,Tier 3,Supermarket Type2,2836.308
NCX41,19,Low Fat,0.017755213,Health and Hygiene,211.7244,OUT045,2002,,Tier 2,Supermarket Type1,2752.4172
FDD03,13.3,Low Fat,0.080131363,Dairy,234.03,OUT018,2009,Medium,Tier 3,Supermarket Type2,4194.54
DRL11,,low fat,0.04778563,Hard Drinks,156.5946,OUT027,1985,Medium,Tier 3,Supermarket Type3,3787.0704
FDO13,7.865,Low Fat,0.06100886,Breakfast,166.0526,OUT013,1987,High,Tier 3,Supermarket Type1,3617.9572
FDY37,,Regular,0.026440214,Canned,143.647,OUT027,1985,Medium,Tier 3,Supermarket Type3,2862.94
FDC46,,Low Fat,0.115978122,Snack Foods,183.4266,OUT027,1985,Medium,Tier 3,Supermarket Type3,7192.6374
DRI59,,Low Fat,0.040636926,Hard Drinks,224.6088,OUT027,1985,Medium,Tier 3,Supermarket Type3,4474.176
FDA47,10.5,Regular,0.116673795,Baking Goods,161.721,OUT046,1997,Small,Tier 1,Supermarket Type1,3588.662
FDS31,13.1,Regular,0.044281996,Fruits and Vegetables,178.5318,OUT045,2002,,Tier 2,Supermarket Type1,3067.3406
NCS38,8.6,Low Fat,0.090558833,Household,112.6176,OUT018,2009,Medium,Tier 3,Supermarket Type2,3091.9752
NCY18,7.285,Low Fat,0.031214809,Household,177.1054,OUT045,2002,,Tier 2,Supermarket Type1,2626.581
NCR50,20.2,Low Fat,0.011838464,Household,155.134,OUT049,1999,Medium,Tier 1,Supermarket Type1,2603.278
FDT28,13.3,Low Fat,0.063664998,Frozen Foods,151.6708,OUT049,1999,Medium,Tier 1,Supermarket Type1,3912.2408
NCV29,11.8,LF,0.022824491,Health and Hygiene,177.0686,OUT013,1987,High,Tier 3,Supermarket Type1,3022.0662
NCO30,19.5,Low Fat,0.015749341,Household,182.2608,OUT049,1999,Medium,Tier 1,Supermarket Type1,3307.6944
NCD18,16,Low Fat,0.072965144,Household,231.3668,OUT018,2009,Medium,Tier 3,Supermarket Type2,4607.336
FDA02,,Regular,0.029578726,Dairy,143.5786,OUT027,1985,Medium,Tier 3,Supermarket Type3,3756.4436
FDN56,5.46,Regular,0.107662745,Fruits and Vegetables,143.8786,OUT017,2007,,Tier 2,Supermarket Type1,4334.358
DRK23,,Low Fat,0.071628097,Hard Drinks,251.904,OUT027,1985,Medium,Tier 3,Supermarket Type3,4301.068
FDU04,7.93,Low Fat,0,Frozen Foods,121.8414,OUT046,1997,Small,Tier 1,Supermarket Type1,2802.3522
FDS16,15.15,Regular,0.066551268,Frozen Foods,144.676,OUT017,2007,,Tier 2,Supermarket Type1,3954.852
FDV26,20.25,Regular,0.076314907,Dairy,196.7794,OUT045,2002,,Tier 2,Supermarket Type1,2731.1116
FDV26,20.25,Regular,0.076470697,Dairy,196.1794,OUT018,2009,Medium,Tier 3,Supermarket Type2,2731.1116
FDT37,14.15,Low Fat,0,Canned,253.7014,OUT045,2002,,Tier 2,Supermarket Type1,5865.0322
DRJ39,20.25,Low Fat,0.036319195,Dairy,219.3482,OUT035,2004,Small,Tier 2,Supermarket Type1,5038.1086
DRF23,4.61,Low Fat,0.123346085,Hard Drinks,172.5396,OUT017,2007,,Tier 2,Supermarket Type1,3663.2316
NCQ02,12.6,Low Fat,0.007450258,Household,186.7556,OUT013,1987,High,Tier 3,Supermarket Type1,2816.334
FDT01,13.65,Regular,0.18520944,Canned,212.9902,OUT017,2007,,Tier 2,Supermarket Type1,3185.853
FDA52,16.2,reg,0.128621941,Frozen Foods,175.537,OUT049,1999,Medium,Tier 1,Supermarket Type1,3528.74
FDA28,16.1,Regular,0.047792845,Frozen Foods,126.1362,OUT035,2004,Small,Tier 2,Supermarket Type1,3271.7412
NCW17,18,Low Fat,0.019386234,Health and Hygiene,126.8994,OUT046,1997,Small,Tier 1,Supermarket Type1,3083.9856
NCP53,14.75,Low Fat,0.033076388,Health and Hygiene,237.2906,OUT017,2007,,Tier 2,Supermarket Type1,3089.9778
DRC12,17.85,Low Fat,0.038040837,Soft Drinks,189.1188,OUT017,2007,,Tier 2,Supermarket Type1,3237.1196
NCM19,12.65,Low Fat,0.047197936,Others,114.1202,OUT013,1987,High,Tier 3,Supermarket Type1,3488.1262
FDA46,13.6,Low Fat,0.117613212,Snack Foods,194.2136,OUT035,2004,Small,Tier 2,Supermarket Type1,2527.3768
DRM23,16.6,Low Fat,0.135944247,Hard Drinks,172.0422,OUT049,1999,Medium,Tier 1,Supermarket Type1,2586.633
FDA15,,Low Fat,0.015944801,Dairy,249.5092,OUT027,1985,Medium,Tier 3,Supermarket Type3,6474.2392
FDC39,7.405,Low Fat,0.159165324,Dairy,207.1296,OUT035,2004,Small,Tier 2,Supermarket Type1,3739.1328
NCB54,8.76,Low Fat,0.050130529,Health and Hygiene,128.3336,OUT049,1999,Medium,Tier 1,Supermarket Type1,2556.672
FDA45,21.25,Low Fat,0.155694794,Snack Foods,177.637,OUT045,2002,,Tier 2,Supermarket Type1,2999.429
FDP21,7.42,Regular,0.025886443,Snack Foods,189.1872,OUT017,2007,,Tier 2,Supermarket Type1,4727.18
FDV33,9.6,Regular,0.027386122,Snack Foods,259.2304,OUT049,1999,Medium,Tier 1,Supermarket Type1,4649.9472
FDQ28,,Regular,0.060134441,Frozen Foods,153.0656,OUT027,1985,Medium,Tier 3,Supermarket Type3,6024.1584
FDK51,19.85,Low Fat,0.005243282,Dairy,266.1884,OUT049,1999,Medium,Tier 1,Supermarket Type1,3179.8608
NCQ53,17.6,Low Fat,0.018934719,Health and Hygiene,237.759,OUT049,1999,Medium,Tier 1,Supermarket Type1,3545.385
FDU23,12.15,Low Fat,0.021705417,Breads,163.5184,OUT013,1987,High,Tier 3,Supermarket Type1,3137.2496
FDZ09,17.6,Low Fat,0.104859135,Snack Foods,161.8868,OUT035,2004,Small,Tier 2,Supermarket Type1,4094.67
NCL55,12.15,Low Fat,0.06464846,Others,253.404,OUT035,2004,Small,Tier 2,Supermarket Type1,4807.076
FDS34,,Regular,0.076387367,Snack Foods,112.1518,OUT027,1985,Medium,Tier 3,Supermarket Type3,3870.9612
FDZ12,9.17,Low Fat,0.103138922,Baking Goods,141.747,OUT049,1999,Medium,Tier 1,Supermarket Type1,3006.087
FDZ14,7.71,Regular,0.047857877,Dairy,119.7756,OUT017,2007,,Tier 2,Supermarket Type1,3029.39
FDN20,,Low Fat,0.026055106,Fruits and Vegetables,169.5474,OUT027,1985,Medium,Tier 3,Supermarket Type3,4211.185
FDO25,6.3,Low Fat,0.127449031,Canned,210.527,OUT046,1997,Small,Tier 1,Supermarket Type1,6291.81
FDK34,13.35,Low Fat,0.038519399,Snack Foods,236.8564,OUT035,2004,Small,Tier 2,Supermarket Type1,5005.4844
FDD04,16,Low Fat,0.090111173,Dairy,141.3154,OUT049,1999,Medium,Tier 1,Supermarket Type1,3261.7542
FDS50,17,Low Fat,0.055433377,Dairy,221.1114,OUT046,1997,Small,Tier 1,Supermarket Type1,4434.228
FDV01,,Regular,0,Canned,154.6314,OUT027,1985,Medium,Tier 3,Supermarket Type3,6515.5188
FDN45,19.35,Low Fat,0.118080437,Snack Foods,222.6088,OUT035,2004,Small,Tier 2,Supermarket Type1,6040.1376
DRE25,15.35,Low Fat,0.073397129,Soft Drinks,91.912,OUT049,1999,Medium,Tier 1,Supermarket Type1,2609.936
FDX34,6.195,Low Fat,0.071971918,Snack Foods,121.3098,OUT035,2004,Small,Tier 2,Supermarket Type1,4820.392
FDA04,,Regular,0.066406853,Frozen Foods,259.7962,OUT027,1985,Medium,Tier 3,Supermarket Type3,5697.9164
FDZ34,6.695,Low Fat,0,Starchy Foods,191.882,OUT013,1987,High,Tier 3,Supermarket Type1,3861.64
FDE50,19.7,Regular,0.016238512,Canned,186.4556,OUT045,2002,,Tier 2,Supermarket Type1,5069.4012
FDS46,17.6,Regular,0.047330801,Snack Foods,120.8782,OUT049,1999,Medium,Tier 1,Supermarket Type1,2621.9204
DRK23,8.395,Low Fat,0.07191675,Hard Drinks,254.804,OUT013,1987,High,Tier 3,Supermarket Type1,7843.124
FDW51,,Regular,0.094201477,Meat,213.356,OUT027,1985,Medium,Tier 3,Supermarket Type3,6817.792
DRZ11,8.85,Regular,0.112893431,Soft Drinks,123.3388,OUT045,2002,,Tier 2,Supermarket Type1,2972.1312
DRC24,17.85,Low Fat,0.024961677,Soft Drinks,153.1998,OUT017,2007,,Tier 2,Supermarket Type1,3383.5956
FDR46,16.85,Low Fat,0,Snack Foods,146.076,OUT017,2007,,Tier 2,Supermarket Type1,2636.568
FDY28,7.47,Regular,0,Frozen Foods,214.3218,OUT035,2004,Small,Tier 2,Supermarket Type1,4274.436
FDZ16,,Regular,0.159081735,Frozen Foods,193.5478,OUT027,1985,Medium,Tier 3,Supermarket Type3,4649.9472
FDF52,9.3,Low Fat,0.066887123,Frozen Foods,183.9292,OUT049,1999,Medium,Tier 1,Supermarket Type1,3283.7256
FDV12,16.7,Regular,0.060863167,Baking Goods,97.6384,OUT035,2004,Small,Tier 2,Supermarket Type1,2857.6136
NCK19,9.8,Low Fat,0.09046564,Others,193.6478,OUT046,1997,Small,Tier 1,Supermarket Type1,3099.9648
FDT40,,Low Fat,0.095331433,Frozen Foods,125.5678,OUT027,1985,Medium,Tier 3,Supermarket Type3,2543.356
NCX30,16.7,Low Fat,0.026620627,Household,249.2776,OUT046,1997,Small,Tier 1,Supermarket Type1,4210.5192
FDF41,12.15,Low Fat,0.131179812,Frozen Foods,245.246,OUT046,1997,Small,Tier 1,Supermarket Type1,3202.498
DRM11,6.57,Low Fat,0.066014596,Hard Drinks,259.7278,OUT013,1987,High,Tier 3,Supermarket Type1,2863.6058
FDO27,,Regular,0.178210285,Meat,95.7752,OUT027,1985,Medium,Tier 3,Supermarket Type3,3930.8832
FDY55,16.75,Low Fat,0.081485126,Fruits and Vegetables,258.0988,OUT045,2002,,Tier 2,Supermarket Type1,8994.958
NCO29,11.15,Low Fat,0.032387589,Health and Hygiene,164.3526,OUT018,2009,Medium,Tier 3,Supermarket Type2,2960.1468
FDC15,18.1,Low Fat,0.17824575,Dairy,158.1288,OUT049,1999,Medium,Tier 1,Supermarket Type1,3299.7048
FDV20,20.2,Regular,0.059894378,Fruits and Vegetables,125.9678,OUT049,1999,Medium,Tier 1,Supermarket Type1,2797.6916
FDU56,,Low Fat,0,Fruits and Vegetables,184.7266,OUT027,1985,Medium,Tier 3,Supermarket Type3,8114.7704
FDI33,,Low Fat,0.028281197,Snack Foods,90.2146,OUT027,1985,Medium,Tier 3,Supermarket Type3,3648.584
FDG46,8.63,Regular,0.032976399,Snack Foods,114.6518,OUT045,2002,,Tier 2,Supermarket Type1,2846.295
FDP25,15.2,Low Fat,0.021203509,Canned,216.3824,OUT035,2004,Small,Tier 2,Supermarket Type1,6114.7072
FDR56,,Regular,0.100277876,Fruits and Vegetables,196.8768,OUT027,1985,Medium,Tier 3,Supermarket Type3,7094.7648
DRO35,13.85,Low Fat,0.034570357,Hard Drinks,117.4492,OUT046,1997,Small,Tier 1,Supermarket Type1,3243.7776
FDI04,,Regular,0.072559351,Frozen Foods,199.3426,OUT027,1985,Medium,Tier 3,Supermarket Type3,3757.1094
FDR34,17,Regular,0.015997687,Snack Foods,229.1352,OUT045,2002,,Tier 2,Supermarket Type1,4580.704
NCQ02,12.6,Low Fat,0.007468056,Household,186.9556,OUT049,1999,Medium,Tier 1,Supermarket Type1,3379.6008
FDE04,19.75,Regular,0.018051091,Frozen Foods,179.866,OUT049,1999,Medium,Tier 1,Supermarket Type1,2696.49
NCY18,7.285,Low Fat,0.031278532,Household,176.0054,OUT018,2009,Medium,Tier 3,Supermarket Type2,2626.581
FDS36,8.38,Regular,0.04688734,Baking Goods,107.957,OUT046,1997,Small,Tier 1,Supermarket Type1,2966.139
NCV06,11.3,Low Fat,0.066668724,Household,192.4478,OUT035,2004,Small,Tier 2,Supermarket Type1,2712.4692
FDM52,15.1,Low Fat,0.025993423,Frozen Foods,147.4076,OUT046,1997,Small,Tier 1,Supermarket Type1,2808.3444
FDG45,8.1,Low Fat,0.127929521,Fruits and Vegetables,211.4902,OUT013,1987,High,Tier 3,Supermarket Type1,3610.6334
NCL42,18.85,Low Fat,0.040434372,Household,244.3144,OUT049,1999,Medium,Tier 1,Supermarket Type1,5635.3312
FDF20,,Low Fat,0.033059299,Fruits and Vegetables,196.4768,OUT027,1985,Medium,Tier 3,Supermarket Type3,6306.4576
FDJ38,8.6,Regular,0.040369315,Canned,189.753,OUT018,2009,Medium,Tier 3,Supermarket Type2,2846.295
FDB36,5.465,Regular,0,Baking Goods,129.1626,OUT046,1997,Small,Tier 1,Supermarket Type1,3672.5528
FDB23,,Regular,0.005561538,Starchy Foods,224.0062,OUT027,1985,Medium,Tier 3,Supermarket Type3,3837.0054
DRD25,,Low Fat,0.078589629,Soft Drinks,113.286,OUT027,1985,Medium,Tier 3,Supermarket Type3,2716.464
FDY27,6.38,Low Fat,0.03187163,Dairy,179.5344,OUT013,1987,High,Tier 3,Supermarket Type1,4103.9912
FDH41,9,Low Fat,0.081996013,Frozen Foods,216.2534,OUT035,2004,Small,Tier 2,Supermarket Type1,4301.068
FDA27,20.35,Regular,0.030927632,Dairy,256.8672,OUT046,1997,Small,Tier 1,Supermarket Type1,3579.3408
FDU23,12.15,Low Fat,0.021719387,Breads,163.1184,OUT035,2004,Small,Tier 2,Supermarket Type1,3467.4864
FDS12,9.1,Low Fat,0.175103435,Baking Goods,127.5362,OUT017,2007,,Tier 2,Supermarket Type1,4655.9394
FDK21,7.905,Low Fat,0.010053105,Snack Foods,249.0408,OUT018,2009,Medium,Tier 3,Supermarket Type2,6258.52
FDF05,17.5,Low Fat,0.026865809,Frozen Foods,261.691,OUT035,2004,Small,Tier 2,Supermarket Type1,4207.856
NCL31,,Low Fat,0.119698523,Others,143.047,OUT027,1985,Medium,Tier 3,Supermarket Type3,3578.675
FDG60,20.35,Low Fat,0.060649213,Baking Goods,232.7616,OUT013,1987,High,Tier 3,Supermarket Type1,2812.3392
FDB15,10.895,Low Fat,0.136696892,Dairy,264.5568,OUT013,1987,High,Tier 3,Supermarket Type1,5536.7928
FDU38,10.8,Low Fat,0.082534287,Dairy,191.1504,OUT035,2004,Small,Tier 2,Supermarket Type1,4410.2592
NCT41,15.7,Low Fat,0.055990291,Health and Hygiene,153.2024,OUT046,1997,Small,Tier 1,Supermarket Type1,3795.06
DRG03,,Low Fat,0.061686402,Dairy,153.9998,OUT027,1985,Medium,Tier 3,Supermarket Type3,5229.1932
FDV35,19.5,Low Fat,0.128206001,Breads,155.9314,OUT046,1997,Small,Tier 1,Supermarket Type1,3878.285
FDL58,5.78,Regular,0.074149074,Snack Foods,262.2568,OUT046,1997,Small,Tier 1,Supermarket Type1,5273.136
NCA29,10.5,Low Fat,0.027271252,Household,171.6106,OUT035,2004,Small,Tier 2,Supermarket Type1,2566.659
DRD60,15.7,Low Fat,0.037201127,Soft Drinks,181.7634,OUT013,1987,High,Tier 3,Supermarket Type1,2544.6876
FDJ15,11.35,Regular,0.023318068,Dairy,182.4608,OUT035,2004,Small,Tier 2,Supermarket Type1,7534.1928
DRE60,9.395,Low Fat,0.159657596,Soft Drinks,224.972,OUT045,2002,,Tier 2,Supermarket Type1,7696.648
FDO39,6.985,Regular,0.137926458,Meat,184.7608,OUT018,2009,Medium,Tier 3,Supermarket Type2,4042.7376
FDS15,9.195,Regular,0.078060601,Meat,106.3596,OUT046,1997,Small,Tier 1,Supermarket Type1,2912.2092
FDH21,10.395,Low Fat,0.031219108,Seafood,156.9604,OUT035,2004,Small,Tier 2,Supermarket Type1,4595.3516
FDB53,13.35,Low Fat,0.139426044,Frozen Foods,148.3392,OUT035,2004,Small,Tier 2,Supermarket Type1,3877.6192
NCQ06,13,LF,0.041994899,Household,254.7014,OUT018,2009,Medium,Tier 3,Supermarket Type2,5100.028
NCQ05,11.395,Low Fat,0.021649904,Health and Hygiene,150.8708,OUT045,2002,,Tier 2,Supermarket Type1,4363.6532
FDH50,15,Regular,0.161762835,Canned,185.9266,OUT045,2002,,Tier 2,Supermarket Type1,2581.9724
FDY25,12,Low Fat,0.033946163,Canned,179.3976,OUT013,1987,High,Tier 3,Supermarket Type1,3440.8544
FDX26,17.7,Low Fat,0.087986599,Dairy,181.4292,OUT045,2002,,Tier 2,Supermarket Type1,2918.8672
FDM27,12.35,Regular,0.158337479,Meat,157.9946,OUT013,1987,High,Tier 3,Supermarket Type1,3313.6866
DRD24,13.85,Low Fat,0.030842963,Soft Drinks,143.1154,OUT049,1999,Medium,Tier 1,Supermarket Type1,2552.6772
FDU20,,Regular,0.021353642,Fruits and Vegetables,122.1098,OUT027,1985,Medium,Tier 3,Supermarket Type3,3374.2744
FDE57,,Low Fat,0.036109413,Fruits and Vegetables,140.6154,OUT027,1985,Medium,Tier 3,Supermarket Type3,4538.0928
FDA15,9.3,LF,0.016113019,Dairy,248.8092,OUT017,2007,,Tier 2,Supermarket Type1,5976.2208
FDZ14,,Regular,0.047358246,Dairy,123.1756,OUT027,1985,Medium,Tier 3,Supermarket Type3,3998.7948
FDG09,,Regular,0.047704151,Fruits and Vegetables,187.2556,OUT027,1985,Medium,Tier 3,Supermarket Type3,4506.1344
FDX08,12.85,Low Fat,0.022696131,Fruits and Vegetables,179.9318,OUT018,2009,Medium,Tier 3,Supermarket Type2,2706.477
NCJ30,5.82,Low Fat,0.080640478,Household,167.779,OUT046,1997,Small,Tier 1,Supermarket Type1,2886.243
FDR09,18.25,Low Fat,0.077709902,Snack Foods,259.6962,OUT035,2004,Small,Tier 2,Supermarket Type1,5438.9202
FDI22,12.6,Low Fat,0.096756649,Snack Foods,208.7612,OUT017,2007,,Tier 2,Supermarket Type1,5226.53
FDB36,5.465,Regular,0.048486801,Baking Goods,131.2626,OUT013,1987,High,Tier 3,Supermarket Type1,3410.2276
FDI15,13.8,Low Fat,0.141352562,Dairy,264.1884,OUT046,1997,Small,Tier 1,Supermarket Type1,3179.8608
DRM47,9.3,Low Fat,0.043777415,Hard Drinks,192.9846,OUT035,2004,Small,Tier 2,Supermarket Type1,6114.7072
FDG45,8.1,Low Fat,0,Fruits and Vegetables,211.8902,OUT018,2009,Medium,Tier 3,Supermarket Type2,3823.0236
FDC05,13.1,Regular,0.099186992,Frozen Foods,198.7768,OUT018,2009,Medium,Tier 3,Supermarket Type2,3153.2288
FDA47,,Regular,0.116108797,Baking Goods,164.121,OUT027,1985,Medium,Tier 3,Supermarket Type3,6035.477
DRF60,10.8,Low Fat,0.052149675,Soft Drinks,239.9564,OUT049,1999,Medium,Tier 1,Supermarket Type1,3813.7024
FDN58,13.8,Regular,0.056825065,Snack Foods,230.9984,OUT013,1987,High,Tier 3,Supermarket Type1,4633.968
FDO37,8.06,Low Fat,0.021420031,Breakfast,232.0326,OUT045,2002,,Tier 2,Supermarket Type1,3003.4238
FDZ25,15.7,Regular,0.027673055,Canned,169.279,OUT045,2002,,Tier 2,Supermarket Type1,3735.138
FDS59,14.8,Regular,0.043856919,Breads,109.057,OUT013,1987,High,Tier 3,Supermarket Type1,2746.425
NCM29,11.5,Low Fat,0.017638893,Health and Hygiene,132.7626,OUT035,2004,Small,Tier 2,Supermarket Type1,2885.5772
NCQ50,18.75,Low Fat,0.034501405,Household,211.7218,OUT017,2007,,Tier 2,Supermarket Type1,5770.4886
DRJ11,9.5,Low Fat,0.085075063,Hard Drinks,189.0872,OUT035,2004,Small,Tier 2,Supermarket Type1,3970.8312
FDL58,5.78,Regular,0,Snack Foods,263.7568,OUT017,2007,,Tier 2,Supermarket Type1,2636.568
FDZ01,8.975,Regular,0.009058845,Canned,103.399,OUT046,1997,Small,Tier 1,Supermarket Type1,2579.975
FDY21,15.1,Low Fat,0.173833129,Snack Foods,196.511,OUT045,2002,,Tier 2,Supermarket Type1,4713.864
DRL01,19.5,Regular,0.077108099,Soft Drinks,232.8958,OUT013,1987,High,Tier 3,Supermarket Type1,5608.6992
DRG48,5.78,Low Fat,0.014555066,Soft Drinks,145.2102,OUT046,1997,Small,Tier 1,Supermarket Type1,3062.0142
FDW57,8.31,Regular,0.116331694,Snack Foods,176.9028,OUT017,2007,,Tier 2,Supermarket Type1,3010.7476
FDR56,15.5,Regular,0.101335811,Fruits and Vegetables,196.5768,OUT017,2007,,Tier 2,Supermarket Type1,3350.3056
NCJ54,9.895,LF,0.060067115,Household,230.6642,OUT046,1997,Small,Tier 1,Supermarket Type1,4647.284
FDX26,17.7,Low Fat,0,Dairy,182.5292,OUT013,1987,High,Tier 3,Supermarket Type1,2736.438
FDS11,,Regular,0.055289464,Breads,222.5088,OUT027,1985,Medium,Tier 3,Supermarket Type3,7158.6816
FDZ20,16.1,Low Fat,0.034306962,Fruits and Vegetables,252.3356,OUT046,1997,Small,Tier 1,Supermarket Type1,3815.034
DRG49,,Low Fat,0.067128641,Soft Drinks,242.8486,OUT027,1985,Medium,Tier 3,Supermarket Type3,3420.8804
NCB31,6.235,Low Fat,0.118651919,Household,263.991,OUT035,2004,Small,Tier 2,Supermarket Type1,4207.856
FDD39,16.7,Low Fat,0.07044068,Dairy,216.885,OUT018,2009,Medium,Tier 3,Supermarket Type2,6275.165
FDQ44,20.5,Low Fat,0.036133463,Fruits and Vegetables,120.1756,OUT035,2004,Small,Tier 2,Supermarket Type1,3392.9168
FDT12,,Regular,0.049381406,Baking Goods,226.8062,OUT027,1985,Medium,Tier 3,Supermarket Type3,4739.8302
FDJ08,11.1,Low Fat,0.11084417,Fruits and Vegetables,189.2846,OUT049,1999,Medium,Tier 1,Supermarket Type1,5159.2842
NCQ06,13,Low Fat,0.04188955,Household,255.9014,OUT049,1999,Medium,Tier 1,Supermarket Type1,3315.0182
FDL12,15.85,Regular,0.121632721,Baking Goods,60.622,OUT046,1997,Small,Tier 1,Supermarket Type1,2576.646
NCU29,7.685,Low Fat,0.025477448,Health and Hygiene,145.276,OUT046,1997,Small,Tier 1,Supermarket Type1,3515.424
FDG45,8.1,Low Fat,0.12829573,Fruits and Vegetables,210.4902,OUT045,2002,,Tier 2,Supermarket Type1,5309.755
FDY16,18.35,Regular,0.092150005,Frozen Foods,184.8266,OUT013,1987,High,Tier 3,Supermarket Type1,3872.9586
FDP11,15.85,Low Fat,0.069491408,Breads,218.2166,OUT017,2007,,Tier 2,Supermarket Type1,4789.7652
FDW28,,Low Fat,0.088394115,Frozen Foods,194.7452,OUT027,1985,Medium,Tier 3,Supermarket Type3,5872.356
FDP08,20.5,Regular,0.113045883,Fruits and Vegetables,194.1478,OUT017,2007,,Tier 2,Supermarket Type1,2906.217
FDO52,11.6,Regular,0.077478931,Frozen Foods,170.3106,OUT018,2009,Medium,Tier 3,Supermarket Type2,4277.765
FDC33,8.96,Regular,0.06893834,Fruits and Vegetables,196.4768,OUT046,1997,Small,Tier 1,Supermarket Type1,2561.9984
FDG31,,Low Fat,0.037712875,Meat,64.4826,OUT027,1985,Medium,Tier 3,Supermarket Type3,2518.7214
FDJ36,,Regular,0.127638966,Baking Goods,104.5332,OUT027,1985,Medium,Tier 3,Supermarket Type3,2563.33
FDF05,17.5,Low Fat,0.027022883,Frozen Foods,262.491,OUT017,2007,,Tier 2,Supermarket Type1,5259.82
FDU23,12.15,Low Fat,0,Breads,164.7184,OUT046,1997,Small,Tier 1,Supermarket Type1,3962.8416
NCL06,14.65,Low Fat,0.072178679,Household,262.9594,OUT049,1999,Medium,Tier 1,Supermarket Type1,5233.188
FDD39,,Low Fat,0.06981517,Dairy,214.385,OUT027,1985,Medium,Tier 3,Supermarket Type3,4327.7
FDU13,8.355,Low Fat,0.187850233,Canned,146.5418,OUT049,1999,Medium,Tier 1,Supermarket Type1,2501.4106
FDP09,19.75,Low Fat,0.033942546,Snack Foods,213.5902,OUT049,1999,Medium,Tier 1,Supermarket Type1,4460.1942
FDG08,13.15,Regular,0.165694678,Fruits and Vegetables,171.8764,OUT045,2002,,Tier 2,Supermarket Type1,3779.0808
FDZ45,14.1,Low Fat,0.066979957,Snack Foods,196.7084,OUT049,1999,Medium,Tier 1,Supermarket Type1,3174.5344
NCY30,20.25,LF,0.025953257,Household,179.5976,OUT046,1997,Small,Tier 1,Supermarket Type1,2535.3664
FDP16,18.6,Low Fat,0.039355947,Frozen Foods,246.3802,OUT049,1999,Medium,Tier 1,Supermarket Type1,7370.406
FDV09,12.1,Low Fat,0.020600553,Snack Foods,147.5734,OUT049,1999,Medium,Tier 1,Supermarket Type1,3414.8882
FDW26,11.8,Regular,0.107036943,Dairy,220.3772,OUT035,2004,Small,Tier 2,Supermarket Type1,4447.544
FDZ20,16.1,Low Fat,0.0343603,Fruits and Vegetables,253.4356,OUT049,1999,Medium,Tier 1,Supermarket Type1,2797.6916
FDS55,7.02,Low Fat,0.081096635,Fruits and Vegetables,148.4734,OUT013,1987,High,Tier 3,Supermarket Type1,3563.3616
DRG13,17.25,Low Fat,0.037155206,Soft Drinks,166.4526,OUT013,1987,High,Tier 3,Supermarket Type1,3782.4098
FDK45,11.65,LF,0.033858187,Seafood,113.386,OUT046,1997,Small,Tier 1,Supermarket Type1,2603.278
FDC22,6.89,Regular,0.136984147,Snack Foods,192.682,OUT018,2009,Medium,Tier 3,Supermarket Type2,2703.148
DRO35,13.85,Low Fat,0.034624104,Hard Drinks,115.0492,OUT049,1999,Medium,Tier 1,Supermarket Type1,4054.722
FDU55,16.2,Low Fat,0.035967107,Fruits and Vegetables,260.3278,OUT049,1999,Medium,Tier 1,Supermarket Type1,7549.5062
NCI30,20.25,Low Fat,0.0591756,Household,245.046,OUT018,2009,Medium,Tier 3,Supermarket Type2,4680.574
NCA42,,Low Fat,0.028410335,Household,158.0604,OUT027,1985,Medium,Tier 3,Supermarket Type3,4595.3516
FDQ25,8.63,Regular,0.028391879,Canned,173.9422,OUT018,2009,Medium,Tier 3,Supermarket Type2,4138.6128
DRL01,,Regular,0.076798609,Soft Drinks,231.8958,OUT027,1985,Medium,Tier 3,Supermarket Type3,8413.0488
DRN47,12.1,Low Fat,0.016826748,Hard Drinks,179.166,OUT046,1997,Small,Tier 1,Supermarket Type1,3056.022
FDW49,,Low Fat,0.082152451,Canned,179.9002,OUT027,1985,Medium,Tier 3,Supermarket Type3,4119.3046
DRA59,,Regular,0.127308434,Soft Drinks,186.6924,OUT027,1985,Medium,Tier 3,Supermarket Type3,7033.5112
FDS45,5.175,Regular,0.029490377,Snack Foods,107.6622,OUT035,2004,Small,Tier 2,Supermarket Type1,2858.2794
FDT31,19.75,Low Fat,0.012448294,Fruits and Vegetables,188.2872,OUT046,1997,Small,Tier 1,Supermarket Type1,2647.2208
FDC46,17.7,Low Fat,0.116542484,Snack Foods,182.6266,OUT046,1997,Small,Tier 1,Supermarket Type1,3504.1054
FDQ52,17,Low Fat,0.119362409,Frozen Foods,249.4434,OUT035,2004,Small,Tier 2,Supermarket Type1,5960.2416
FDY50,,Low Fat,0.130321652,Dairy,88.7172,OUT027,1985,Medium,Tier 3,Supermarket Type3,3301.0364
DRI01,7.97,Low Fat,0.034647829,Soft Drinks,171.2422,OUT017,2007,,Tier 2,Supermarket Type1,3103.9596
FDY26,20.6,Regular,0.030634813,Dairy,212.9244,OUT018,2009,Medium,Tier 3,Supermarket Type2,2540.6928
DRL60,8.52,Low Fat,0.027054244,Soft Drinks,151.5682,OUT035,2004,Small,Tier 2,Supermarket Type1,3506.7686
NCN19,13.1,Low Fat,0.01209726,Others,188.853,OUT035,2004,Small,Tier 2,Supermarket Type1,3225.801
FDY14,10.3,Low Fat,0.069981909,Dairy,263.0226,OUT013,1987,High,Tier 3,Supermarket Type1,6079.4198
FDR39,20.35,LF,0.083929569,Meat,182.4292,OUT049,1999,Medium,Tier 1,Supermarket Type1,4925.5884
FDE20,11.35,Regular,0.005530516,Fruits and Vegetables,171.179,OUT046,1997,Small,Tier 1,Supermarket Type1,4923.591
FDI07,12.35,Regular,0.033760862,Meat,196.9426,OUT046,1997,Small,Tier 1,Supermarket Type1,5141.3076
FDH56,9.8,Regular,0.063916425,Fruits and Vegetables,117.1492,OUT049,1999,Medium,Tier 1,Supermarket Type1,2780.3808
FDN34,15.6,Regular,0,Snack Foods,170.6132,OUT013,1987,High,Tier 3,Supermarket Type1,6595.4148
FDZ50,,Regular,0,Dairy,184.2608,OUT027,1985,Medium,Tier 3,Supermarket Type3,6064.1064
NCN41,17,Low Fat,0.052209303,Health and Hygiene,122.373,OUT046,1997,Small,Tier 1,Supermarket Type1,2586.633
DRB13,6.115,Regular,0.007084185,Soft Drinks,191.153,OUT017,2007,,Tier 2,Supermarket Type1,3415.554
FDN04,11.8,Regular,0.014115626,Frozen Foods,178.5344,OUT045,2002,,Tier 2,Supermarket Type1,3390.2536
FDU07,11.1,Low Fat,0.059940022,Fruits and Vegetables,149.1366,OUT049,1999,Medium,Tier 1,Supermarket Type1,4231.8248
NCT06,17.1,Low Fat,0.038730229,Household,166.2842,OUT035,2004,Small,Tier 2,Supermarket Type1,4807.7418
FDG60,20.35,Low Fat,0.060794097,Baking Goods,233.6616,OUT049,1999,Medium,Tier 1,Supermarket Type1,2577.9776
FDI53,8.895,Regular,0.137858955,Frozen Foods,162.1236,OUT049,1999,Medium,Tier 1,Supermarket Type1,2577.9776
NCH42,,Low Fat,0.036360386,Household,231.601,OUT027,1985,Medium,Tier 3,Supermarket Type3,7580.133
FDB11,16,LF,0.061192211,Starchy Foods,224.1404,OUT017,2007,,Tier 2,Supermarket Type1,4725.8484
FDA27,20.35,Regular,0.030975716,Dairy,253.9672,OUT049,1999,Medium,Tier 1,Supermarket Type1,3068.0064
FDI07,,Regular,0.033597374,Meat,197.2426,OUT027,1985,Medium,Tier 3,Supermarket Type3,3163.8816
FDL57,15.1,Regular,0.067212845,Snack Foods,260.2304,OUT045,2002,,Tier 2,Supermarket Type1,4908.2776
FDG46,8.63,Regular,0.032882271,Snack Foods,113.5518,OUT013,1987,High,Tier 3,Supermarket Type1,2732.4432
FDH08,,Low Fat,0.017344679,Fruits and Vegetables,230.801,OUT027,1985,Medium,Tier 3,Supermarket Type3,5283.123
NCU18,15.1,Low Fat,0.055793586,Household,139.7496,OUT013,1987,High,Tier 3,Supermarket Type1,3952.1888
DRC24,17.85,Low Fat,0.02492239,Soft Drinks,153.4998,OUT018,2009,Medium,Tier 3,Supermarket Type2,2922.1962
NCA42,6.965,Low Fat,0,Household,159.4604,OUT013,1987,High,Tier 3,Supermarket Type1,3169.208
FDR58,,Low Fat,0.041718456,Snack Foods,94.5462,OUT027,1985,Medium,Tier 3,Supermarket Type3,2868.9322
FDD11,12.85,Low Fat,0.030789914,Starchy Foods,254.904,OUT017,2007,,Tier 2,Supermarket Type1,3036.048
FDY32,7.605,Low Fat,0.129503146,Fruits and Vegetables,164.021,OUT045,2002,,Tier 2,Supermarket Type1,3914.904
FDX09,9,Low Fat,0.065350715,Snack Foods,175.437,OUT049,1999,Medium,Tier 1,Supermarket Type1,3175.866
FDW12,8.315,Regular,0.035572183,Baking Goods,144.4444,OUT046,1997,Small,Tier 1,Supermarket Type1,2902.888
FDJ48,11.3,Low Fat,0.056387854,Baking Goods,245.4118,OUT013,1987,High,Tier 3,Supermarket Type1,6669.3186
FDK27,,Low Fat,0.008903212,Meat,120.9756,OUT027,1985,Medium,Tier 3,Supermarket Type3,2787.0388
NCZ42,10.5,Low Fat,0.011285795,Household,235.8248,OUT035,2004,Small,Tier 2,Supermarket Type1,4266.4464
FDS59,14.8,Regular,0.043982464,Breads,110.657,OUT045,2002,,Tier 2,Supermarket Type1,2966.139
FDL51,20.7,Regular,0.047587685,Dairy,215.0876,OUT045,2002,,Tier 2,Supermarket Type1,5145.3024
FDM10,18.25,Low Fat,0.075908374,Snack Foods,213.4218,OUT013,1987,High,Tier 3,Supermarket Type1,3846.9924
FDX20,7.365,Low Fat,0.042733625,Fruits and Vegetables,226.972,OUT018,2009,Medium,Tier 3,Supermarket Type2,3848.324
FDI02,15.7,Regular,0.11454343,Canned,113.7202,OUT035,2004,Small,Tier 2,Supermarket Type1,3263.0858
NCI17,8.645,Low Fat,0.1442339,Health and Hygiene,95.441,OUT017,2007,,Tier 2,Supermarket Type1,3282.394
FDY02,,Regular,0.087221497,Dairy,263.991,OUT027,1985,Medium,Tier 3,Supermarket Type3,9467.676
FDK21,7.905,Low Fat,0.010027885,Snack Foods,249.6408,OUT049,1999,Medium,Tier 1,Supermarket Type1,3254.4304
FDQ33,13.35,Low Fat,0.091189915,Snack Foods,149.3708,OUT035,2004,Small,Tier 2,Supermarket Type1,4514.124
FDD10,20.6,Regular,0,Snack Foods,178.1344,OUT035,2004,Small,Tier 2,Supermarket Type1,3568.688
FDK56,9.695,Low Fat,0.129889831,Fruits and Vegetables,185.3898,OUT013,1987,High,Tier 3,Supermarket Type1,3554.7062
FDN32,17.5,Low Fat,0.015591925,Fruits and Vegetables,184.8266,OUT045,2002,,Tier 2,Supermarket Type1,2766.399
FDM52,15.1,Low Fat,0.026140452,Frozen Foods,149.0076,OUT017,2007,,Tier 2,Supermarket Type1,4138.6128
FDF12,8.235,Low Fat,0.082427854,Baking Goods,149.3076,OUT046,1997,Small,Tier 1,Supermarket Type1,2808.3444
FDG33,5.365,Regular,0.140123575,Seafood,172.0764,OUT013,1987,High,Tier 3,Supermarket Type1,2748.4224
FDT16,9.895,Regular,0.048761046,Frozen Foods,260.5278,OUT045,2002,,Tier 2,Supermarket Type1,8851.1452
FDT27,11.395,Regular,0.069587171,Meat,234.6616,OUT046,1997,Small,Tier 1,Supermarket Type1,4687.232
NCC54,17.75,Low Fat,0.097629611,Health and Hygiene,240.4196,OUT013,1987,High,Tier 3,Supermarket Type1,4579.3724
FDD03,13.3,Low Fat,0.079791176,Dairy,232.73,OUT035,2004,Small,Tier 2,Supermarket Type1,2796.36
NCS54,13.6,Low Fat,0.010013429,Household,176.437,OUT045,2002,,Tier 2,Supermarket Type1,4587.362
FDQ45,,Regular,0.010864186,Snack Foods,185.3608,OUT027,1985,Medium,Tier 3,Supermarket Type3,5329.0632
FDT31,19.75,Low Fat,0.012518707,Fruits and Vegetables,190.6872,OUT017,2007,,Tier 2,Supermarket Type1,4916.2672
FDG33,5.365,Regular,0.14024028,Seafood,171.0764,OUT046,1997,Small,Tier 1,Supermarket Type1,3263.7516
NCX42,6.36,Low Fat,0.00599072,Household,163.6526,OUT045,2002,,Tier 2,Supermarket Type1,5262.4832
FDJ48,11.3,Low Fat,0,Baking Goods,245.2118,OUT045,2002,,Tier 2,Supermarket Type1,5681.2714
FDF04,17.5,Low Fat,0.013637046,Frozen Foods,258.5304,OUT046,1997,Small,Tier 1,Supermarket Type1,6199.9296
FDK34,13.35,Low Fat,0.038494623,Snack Foods,240.2564,OUT013,1987,High,Tier 3,Supermarket Type1,2860.2768
FDA56,9.21,Low Fat,0.008764786,Fruits and Vegetables,123.1414,OUT046,1997,Small,Tier 1,Supermarket Type1,4264.449
FDE04,19.75,Regular,0.018008071,Frozen Foods,180.466,OUT013,1987,High,Tier 3,Supermarket Type1,3415.554
FDA21,13.65,Low Fat,0.036033639,Snack Foods,183.7924,OUT045,2002,,Tier 2,Supermarket Type1,2591.2936
NCX29,10,Low Fat,0.089135671,Health and Hygiene,146.9102,OUT035,2004,Small,Tier 2,Supermarket Type1,3207.8244
FDB17,13.15,Low Fat,0.036672107,Frozen Foods,182.5976,OUT046,1997,Small,Tier 1,Supermarket Type1,4165.2448
NCH30,17.1,Low Fat,0.067141355,Household,114.586,OUT035,2004,Small,Tier 2,Supermarket Type1,2942.836
FDG21,17.35,Regular,0,Seafood,150.205,OUT045,2002,,Tier 2,Supermarket Type1,5992.2
NCT18,14.6,Low Fat,0.059405152,Household,179.6976,OUT046,1997,Small,Tier 1,Supermarket Type1,3621.952
FDB60,9.3,Low Fat,0.028566433,Baking Goods,193.0136,OUT049,1999,Medium,Tier 1,Supermarket Type1,4860.34
FDD26,8.71,Regular,0.072155462,Canned,183.3924,OUT046,1997,Small,Tier 1,Supermarket Type1,3146.5708
FDR03,15.7,Regular,0.008734284,Meat,207.898,OUT035,2004,Small,Tier 2,Supermarket Type1,3095.97
FDI26,5.94,Low Fat,0.03495749,Canned,177.1344,OUT045,2002,,Tier 2,Supermarket Type1,2854.9504
FDR25,17,Regular,0.140311123,Canned,265.6884,OUT017,2007,,Tier 2,Supermarket Type1,2649.884
NCP42,8.51,Low Fat,0.016201845,Household,195.2478,OUT017,2007,,Tier 2,Supermarket Type1,4262.4516
FDZ58,17.85,Low Fat,0.052389407,Snack Foods,120.9072,OUT018,2009,Medium,Tier 3,Supermarket Type2,2817.6656
FDW56,,Low Fat,0.070556945,Fruits and Vegetables,191.2162,OUT027,1985,Medium,Tier 3,Supermarket Type3,7504.2318
FDN27,,Low Fat,0.039370913,Meat,116.9808,OUT027,1985,Medium,Tier 3,Supermarket Type3,3866.9664
FDN23,6.575,Regular,0.075444922,Breads,146.0444,OUT013,1987,High,Tier 3,Supermarket Type1,2612.5992
FDT27,,Regular,0.069250192,Meat,232.9616,OUT027,1985,Medium,Tier 3,Supermarket Type3,3515.424
FDX20,,Low Fat,0.042354152,Fruits and Vegetables,227.272,OUT027,1985,Medium,Tier 3,Supermarket Type3,7017.532
FDF16,7.3,Low Fat,0.086060695,Frozen Foods,149.8076,OUT013,1987,High,Tier 3,Supermarket Type1,2808.3444
FDT49,7,Low Fat,0.151279591,Canned,107.028,OUT013,1987,High,Tier 3,Supermarket Type1,2876.256
FDJ41,6.85,Low Fat,0.022864238,Frozen Foods,260.0594,OUT013,1987,High,Tier 3,Supermarket Type1,6018.1662
FDV59,13.35,Low Fat,0.048124443,Breads,216.7166,OUT045,2002,,Tier 2,Supermarket Type1,3918.8988
NCA29,10.5,Low Fat,0.027430696,Household,171.1106,OUT017,2007,,Tier 2,Supermarket Type1,3593.3226
FDX01,10.1,Low Fat,0.024201905,Canned,114.915,OUT049,1999,Medium,Tier 1,Supermarket Type1,2796.36
NCV53,8.27,Low Fat,0.018797945,Health and Hygiene,241.288,OUT013,1987,High,Tier 3,Supermarket Type1,5512.824
FDJ55,,Regular,0.023417004,Meat,223.8404,OUT027,1985,Medium,Tier 3,Supermarket Type3,7201.2928
FDE20,11.35,Regular,0.005561798,Fruits and Vegetables,168.379,OUT017,2007,,Tier 2,Supermarket Type1,3225.801
NCT17,,Low Fat,0.041663111,Health and Hygiene,188.6214,OUT027,1985,Medium,Tier 3,Supermarket Type3,6029.4848
FDO03,10.395,Regular,0.037033223,Meat,227.9352,OUT018,2009,Medium,Tier 3,Supermarket Type2,4809.7392
NCT29,,Low Fat,0.063800266,Health and Hygiene,123.0414,OUT027,1985,Medium,Tier 3,Supermarket Type3,4629.9732
FDN51,17.85,reg,0.021065311,Meat,261.5936,OUT017,2007,,Tier 2,Supermarket Type1,6002.8528
FDO40,17.1,Low Fat,0.032678839,Frozen Foods,150.7392,OUT049,1999,Medium,Tier 1,Supermarket Type1,3131.9232
FDT48,4.92,LF,0.045916788,Baking Goods,198.8084,OUT013,1987,High,Tier 3,Supermarket Type1,2976.126
FDB49,8.3,Regular,0.030212499,Baking Goods,98.0384,OUT045,2002,,Tier 2,Supermarket Type1,2857.6136
FDP25,15.2,Low Fat,0.021240491,Canned,216.9824,OUT049,1999,Medium,Tier 1,Supermarket Type1,4804.4128
FDE14,13.65,Regular,0.031418984,Canned,99.27,OUT013,1987,High,Tier 3,Supermarket Type1,2596.62
FDO20,12.85,Regular,0.152099033,Fruits and Vegetables,252.6382,OUT035,2004,Small,Tier 2,Supermarket Type1,3532.7348
FDS44,12.65,Regular,0.156679617,Fruits and Vegetables,238.8538,OUT018,2009,Medium,Tier 3,Supermarket Type2,4566.7222
NCP05,19.6,Low Fat,0,Health and Hygiene,150.3024,OUT018,2009,Medium,Tier 3,Supermarket Type2,2580.6408
FDP19,11.5,Low Fat,0,Fruits and Vegetables,128.4652,OUT049,1999,Medium,Tier 1,Supermarket Type1,2841.6344
FDU13,8.355,Low Fat,0,Canned,145.6418,OUT013,1987,High,Tier 3,Supermarket Type1,3384.2614
FDK25,11.6,Regular,0.157718931,Breakfast,168.3474,OUT017,2007,,Tier 2,Supermarket Type1,4548.0798
FDV50,14.3,Low Fat,0.122469209,Dairy,121.973,OUT013,1987,High,Tier 3,Supermarket Type1,2709.806
NCH07,13.15,Low Fat,0.09264951,Household,157.8604,OUT035,2004,Small,Tier 2,Supermarket Type1,3803.0496
FDR59,14.5,Regular,0.063851475,Breads,260.4594,OUT035,2004,Small,Tier 2,Supermarket Type1,3139.9128
FDF11,10.195,reg,0.017703044,Starchy Foods,239.4538,OUT018,2009,Medium,Tier 3,Supermarket Type2,3605.307
FDG21,17.35,Regular,0.146895866,Seafood,149.605,OUT018,2009,Medium,Tier 3,Supermarket Type2,3745.125
FDN58,,Regular,0.056596985,Snack Foods,230.9984,OUT027,1985,Medium,Tier 3,Supermarket Type3,9267.936
FDI41,18.5,Regular,0,Frozen Foods,148.7418,OUT045,2002,,Tier 2,Supermarket Type1,2501.4106
NCJ18,,Low Fat,0.163148041,Household,116.6124,OUT027,1985,Medium,Tier 3,Supermarket Type3,3199.8348
FDL08,10.8,Low Fat,0.050000257,Fruits and Vegetables,243.9144,OUT017,2007,,Tier 2,Supermarket Type1,4655.2736
NCX29,10,Low Fat,0.089078338,Health and Hygiene,147.1102,OUT013,1987,High,Tier 3,Supermarket Type1,2916.204
FDU31,10.5,reg,0.02502991,Fruits and Vegetables,218.4508,OUT049,1999,Medium,Tier 1,Supermarket Type1,2821.6604
FDS02,10.195,Regular,0.146094132,Dairy,196.1794,OUT049,1999,Medium,Tier 1,Supermarket Type1,2926.191
FDB46,10.5,Regular,0.093954022,Snack Foods,211.8244,OUT045,2002,,Tier 2,Supermarket Type1,3387.5904
FDI38,13.35,Regular,0,Canned,206.9638,OUT017,2007,,Tier 2,Supermarket Type1,7247.233
NCG55,16.25,Low Fat,0.039207025,Household,116.1176,OUT049,1999,Medium,Tier 1,Supermarket Type1,2633.9048
FDZ43,11,Regular,0.057047756,Fruits and Vegetables,240.4512,OUT035,2004,Small,Tier 2,Supermarket Type1,7028.1848
FDM28,15.7,Low Fat,0.045166237,Frozen Foods,178.666,OUT013,1987,High,Tier 3,Supermarket Type1,2516.724
FDH31,,Regular,0.020312314,Meat,98.1042,OUT027,1985,Medium,Tier 3,Supermarket Type3,2777.7176
FDX46,,Regular,0.057835325,Snack Foods,57.5562,OUT027,1985,Medium,Tier 3,Supermarket Type3,2548.0166
FDU02,13.35,Low Fat,0.10249212,Dairy,230.5352,OUT035,2004,Small,Tier 2,Supermarket Type1,2748.4224
FDT07,5.82,Regular,0.077634044,Fruits and Vegetables,256.433,OUT018,2009,Medium,Tier 3,Supermarket Type2,3844.995
NCU54,8.88,Low Fat,0.098622378,Household,208.427,OUT046,1997,Small,Tier 1,Supermarket Type1,5452.902
FDX36,9.695,Regular,0.128283243,Baking Goods,226.1404,OUT046,1997,Small,Tier 1,Supermarket Type1,3375.606
FDQ40,11.1,Regular,0.036083537,Frozen Foods,175.4712,OUT049,1999,Medium,Tier 1,Supermarket Type1,2988.1104
FDR32,6.78,Regular,0.085981978,Fruits and Vegetables,228.4694,OUT045,2002,,Tier 2,Supermarket Type1,5480.8656
FDS16,15.15,Regular,0.066279832,Frozen Foods,147.876,OUT049,1999,Medium,Tier 1,Supermarket Type1,4540.756
DRD25,6.135,Low Fat,0.079132212,Soft Drinks,112.686,OUT045,2002,,Tier 2,Supermarket Type1,2942.836
FDU57,,Regular,0.089120516,Snack Foods,149.8708,OUT027,1985,Medium,Tier 3,Supermarket Type3,3611.2992
FDR37,,Regular,0.065928735,Breakfast,183.0292,OUT027,1985,Medium,Tier 3,Supermarket Type3,8209.314
FDW45,18,Low Fat,0.039090105,Snack Foods,148.4418,OUT045,2002,,Tier 2,Supermarket Type1,4119.9704
FDV37,13,Regular,0.083643716,Canned,196.0426,OUT049,1999,Medium,Tier 1,Supermarket Type1,2570.6538
FDN58,13.8,Regular,0.056872392,Snack Foods,231.1984,OUT046,1997,Small,Tier 1,Supermarket Type1,5097.3648
FDL03,19.25,Regular,0.027058066,Meat,194.811,OUT013,1987,High,Tier 3,Supermarket Type1,2749.754
FDL56,,Low Fat,0.12517151,Fruits and Vegetables,88.9198,OUT027,1985,Medium,Tier 3,Supermarket Type3,3139.9128
FDF05,17.5,Low Fat,0.026925385,Frozen Foods,264.391,OUT045,2002,,Tier 2,Supermarket Type1,5259.82
DRK59,,Low Fat,0.075084457,Hard Drinks,233.9616,OUT027,1985,Medium,Tier 3,Supermarket Type3,4452.8704
FDM20,10,Low Fat,0.038653608,Fruits and Vegetables,245.4144,OUT013,1987,High,Tier 3,Supermarket Type1,7105.4176
FDD10,,Regular,0.045797829,Snack Foods,178.5344,OUT027,1985,Medium,Tier 3,Supermarket Type3,2854.9504
NCD18,16,Low Fat,0.073080167,Household,228.4668,OUT017,2007,,Tier 2,Supermarket Type1,2534.0348
NCA29,10.5,Low Fat,0.027253711,Household,170.9106,OUT013,1987,High,Tier 3,Supermarket Type1,3251.1014
FDM33,15.6,Low Fat,0.087646694,Snack Foods,221.5798,OUT013,1987,High,Tier 3,Supermarket Type1,5509.495
FDQ19,7.35,Regular,0.014394261,Fruits and Vegetables,241.3512,OUT045,2002,,Tier 2,Supermarket Type1,5331.7264
FDV20,,Regular,0.059511812,Fruits and Vegetables,128.0678,OUT027,1985,Medium,Tier 3,Supermarket Type3,2797.6916
FDB03,17.75,Regular,0.157075658,Dairy,240.5538,OUT049,1999,Medium,Tier 1,Supermarket Type1,3845.6608
FDT47,,Regular,0.02439015,Breads,95.9068,OUT027,1985,Medium,Tier 3,Supermarket Type3,3207.8244
FDM20,10,Low Fat,0.038904624,Fruits and Vegetables,245.4144,OUT017,2007,,Tier 2,Supermarket Type1,6615.3888
FDI08,18.2,reg,0.066431507,Fruits and Vegetables,250.1092,OUT045,2002,,Tier 2,Supermarket Type1,4233.1564
FDN60,15.1,Low Fat,0.095351065,Baking Goods,158.6604,OUT045,2002,,Tier 2,Supermarket Type1,2535.3664
FDT57,15.2,Low Fat,0.019031184,Snack Foods,235.5248,OUT035,2004,Small,Tier 2,Supermarket Type1,4740.496
DRN47,12.1,Low Fat,0.016852909,Hard Drinks,180.666,OUT049,1999,Medium,Tier 1,Supermarket Type1,2876.256
FDX37,,Low Fat,0.062724117,Canned,100.57,OUT027,1985,Medium,Tier 3,Supermarket Type3,5093.37
DRF60,10.8,low fat,0.052174319,Soft Drinks,240.3564,OUT045,2002,,Tier 2,Supermarket Type1,4290.4152
FDA56,,Low Fat,0.008722342,Fruits and Vegetables,123.5414,OUT027,1985,Medium,Tier 3,Supermarket Type3,4508.1318
NCV18,6.775,Low Fat,0.105225964,Household,84.225,OUT035,2004,Small,Tier 2,Supermarket Type1,3162.55
FDG17,,Regular,0.035666655,Frozen Foods,246.2486,OUT027,1985,Medium,Tier 3,Supermarket Type3,8063.5038
FDP09,19.75,LF,0.033883448,Snack Foods,213.2902,OUT035,2004,Small,Tier 2,Supermarket Type1,4247.804
NCM26,20.5,LF,0.023274107,Others,154.134,OUT017,2007,,Tier 2,Supermarket Type1,2909.546
FDN39,19.35,Regular,0,Meat,169.0816,OUT013,1987,High,Tier 3,Supermarket Type1,3523.4136
DRF49,7.27,Low Fat,0.071077939,Soft Drinks,114.2518,OUT046,1997,Small,Tier 1,Supermarket Type1,2618.5914
NCX30,16.7,Low Fat,0.026729068,Household,248.4776,OUT018,2009,Medium,Tier 3,Supermarket Type2,6439.6176
FDN58,13.8,reg,0.056960814,Snack Foods,230.0984,OUT049,1999,Medium,Tier 1,Supermarket Type1,3707.1744
FDQ01,19.7,Regular,0.161610636,Canned,255.2014,OUT017,2007,,Tier 2,Supermarket Type1,3570.0196
FDX26,17.7,Low Fat,0.088305201,Dairy,182.3292,OUT017,2007,,Tier 2,Supermarket Type1,4195.8716
FDA34,11.5,Low Fat,0.014883661,Starchy Foods,174.508,OUT049,1999,Medium,Tier 1,Supermarket Type1,3635.268
FDX58,13.15,low fat,0.044011225,Snack Foods,181.295,OUT017,2007,,Tier 2,Supermarket Type1,4028.09
FDI24,,Low Fat,0.078362484,Baking Goods,177.937,OUT027,1985,Medium,Tier 3,Supermarket Type3,6704.606
DRN47,12.1,Low Fat,0.016812745,Hard Drinks,180.666,OUT013,1987,High,Tier 3,Supermarket Type1,4134.618
FDT57,,Low Fat,0.018942606,Snack Foods,236.0248,OUT027,1985,Medium,Tier 3,Supermarket Type3,6636.6944
FDF22,6.865,Low Fat,0.056830682,Snack Foods,214.0218,OUT046,1997,Small,Tier 1,Supermarket Type1,5556.7668
FDL44,18.25,Low Fat,0.012264903,Fruits and Vegetables,162.8894,OUT013,1987,High,Tier 3,Supermarket Type1,3397.5774
FDN01,8.895,Low Fat,0.072511335,Breakfast,177.437,OUT049,1999,Medium,Tier 1,Supermarket Type1,3528.74
NCQ06,,Low Fat,0.041621987,Household,253.6014,OUT027,1985,Medium,Tier 3,Supermarket Type3,6630.0364
FDD46,6.035,low fat,0.14113846,Snack Foods,155.0998,OUT013,1987,High,Tier 3,Supermarket Type1,3691.1952
NCU29,,Low Fat,0.025354072,Health and Hygiene,144.476,OUT027,1985,Medium,Tier 3,Supermarket Type3,3661.9
FDU20,19.35,Regular,0.021501067,Fruits and Vegetables,122.2098,OUT045,2002,,Tier 2,Supermarket Type1,2771.7254
FDV58,20.85,Low Fat,0.121227447,Snack Foods,197.5452,OUT035,2004,Small,Tier 2,Supermarket Type1,4306.3944
FDU38,10.8,Low Fat,0.082549896,Dairy,193.7504,OUT046,1997,Small,Tier 1,Supermarket Type1,4602.0096
NCW29,,Low Fat,0.028723187,Health and Hygiene,131.831,OUT027,1985,Medium,Tier 3,Supermarket Type3,3635.268
FDM20,10,Low Fat,0,Fruits and Vegetables,246.9144,OUT018,2009,Medium,Tier 3,Supermarket Type2,3185.1872
FDJ60,19.35,Regular,0.062528426,Baking Goods,166.9184,OUT046,1997,Small,Tier 1,Supermarket Type1,3302.368
FDY15,,Regular,0.170000805,Dairy,155.963,OUT027,1985,Medium,Tier 3,Supermarket Type3,4537.427
DRF13,12.1,Low Fat,0,Soft Drinks,145.1444,OUT013,1987,High,Tier 3,Supermarket Type1,3338.3212
NCM31,6.095,Low Fat,0.0816559,Others,143.3154,OUT017,2007,,Tier 2,Supermarket Type1,2836.308
FDB10,10,Low Fat,0.067312613,Snack Foods,234.359,OUT049,1999,Medium,Tier 1,Supermarket Type1,3072.667
NCS54,13.6,Low Fat,0.010008699,Household,176.737,OUT049,1999,Medium,Tier 1,Supermarket Type1,4940.236
FDD26,,Regular,0.071806046,Canned,186.5924,OUT027,1985,Medium,Tier 3,Supermarket Type3,5182.5872
DRP47,15.75,Low Fat,0.140603316,Hard Drinks,252.8382,OUT046,1997,Small,Tier 1,Supermarket Type1,6308.455
FDO46,9.6,Regular,0.014270394,Snack Foods,187.3872,OUT018,2009,Medium,Tier 3,Supermarket Type2,2647.2208
FDT11,,Regular,0.02923013,Breads,189.4556,OUT027,1985,Medium,Tier 3,Supermarket Type3,3567.3564
FDE16,8.895,Low Fat,0.026492726,Frozen Foods,208.4954,OUT017,2007,,Tier 2,Supermarket Type1,6251.862
FDA08,,Regular,0.049842613,Fruits and Vegetables,164.2526,OUT027,1985,Medium,Tier 3,Supermarket Type3,3946.8624
NCH06,,Low Fat,0.076183667,Household,245.646,OUT027,1985,Medium,Tier 3,Supermarket Type3,3695.19
FDM08,10.1,Regular,0.053584207,Fruits and Vegetables,224.4088,OUT046,1997,Small,Tier 1,Supermarket Type1,4697.8848
DRA12,11.6,Low Fat,0.040911824,Soft Drinks,142.3154,OUT013,1987,High,Tier 3,Supermarket Type1,2552.6772
FDV19,14.85,Regular,0.035257037,Fruits and Vegetables,161.2578,OUT046,1997,Small,Tier 1,Supermarket Type1,4171.9028
FDK33,17.85,Low Fat,0.011233126,Snack Foods,211.556,OUT035,2004,Small,Tier 2,Supermarket Type1,5752.512
FDA46,,Low Fat,0.117065801,Snack Foods,196.1136,OUT027,1985,Medium,Tier 3,Supermarket Type3,6026.8216
FDR35,,Low Fat,0.020597493,Breads,200.0742,OUT027,1985,Medium,Tier 3,Supermarket Type3,8958.339
FDN09,14.15,Low Fat,0.034868095,Snack Foods,243.7828,OUT035,2004,Small,Tier 2,Supermarket Type1,6579.4356
NCH42,6.86,Low Fat,0.036686158,Household,229.601,OUT018,2009,Medium,Tier 3,Supermarket Type2,2526.711
FDS16,,Regular,0,Frozen Foods,145.276,OUT027,1985,Medium,Tier 3,Supermarket Type3,5273.136
FDX49,4.615,Regular,0.101812521,Canned,232.23,OUT035,2004,Small,Tier 2,Supermarket Type1,5126.66
FDZ56,16.25,Low Fat,0.025789175,Fruits and Vegetables,166.9474,OUT045,2002,,Tier 2,Supermarket Type1,2863.6058
FDR59,,Regular,0.063554289,Breads,263.6594,OUT027,1985,Medium,Tier 3,Supermarket Type3,3401.5722
FDL34,16,Low Fat,0.041177505,Snack Foods,142.3496,OUT017,2007,,Tier 2,Supermarket Type1,3246.4408
FDX12,18.2,Regular,0.026117345,Baking Goods,239.2196,OUT045,2002,,Tier 2,Supermarket Type1,3133.2548
FDA16,,Low Fat,0.033777629,Frozen Foods,222.8456,OUT027,1985,Medium,Tier 3,Supermarket Type3,7073.4592
DRM59,5.88,Low Fat,0.003612411,Hard Drinks,154.1998,OUT017,2007,,Tier 2,Supermarket Type1,3537.3954
FDP48,7.52,Regular,0.044091657,Baking Goods,182.995,OUT049,1999,Medium,Tier 1,Supermarket Type1,3844.995
NCF06,6.235,Low Fat,0.020229757,Household,260.8962,OUT049,1999,Medium,Tier 1,Supermarket Type1,5956.9126
FDF50,4.905,Low Fat,0.1175683,Canned,197.6768,OUT045,2002,,Tier 2,Supermarket Type1,2956.152
FDV22,14.85,Regular,0.009995002,Snack Foods,154.463,OUT017,2007,,Tier 2,Supermarket Type1,3755.112
NCN06,8.39,Low Fat,0.121178848,Household,165.1868,OUT017,2007,,Tier 2,Supermarket Type1,2784.3756
FDH57,10.895,LF,0.035949725,Fruits and Vegetables,132.9284,OUT017,2007,,Tier 2,Supermarket Type1,3295.71
FDC47,15,Low Fat,0.119131749,Snack Foods,226.9694,OUT045,2002,,Tier 2,Supermarket Type1,6851.082
FDG09,20.6,Regular,0.04792722,Fruits and Vegetables,185.9556,OUT035,2004,Small,Tier 2,Supermarket Type1,4318.3788
FDV45,,Low Fat,0.044829295,Snack Foods,187.4556,OUT027,1985,Medium,Tier 3,Supermarket Type3,7510.224
FDU45,15.6,Regular,0.035506142,Snack Foods,112.4518,OUT046,1997,Small,Tier 1,Supermarket Type1,3301.7022
NCX18,14.15,Low Fat,0,Household,196.311,OUT046,1997,Small,Tier 1,Supermarket Type1,3338.987
FDU31,10.5,Regular,0.02498633,Fruits and Vegetables,216.7508,OUT035,2004,Small,Tier 2,Supermarket Type1,3038.7112
NCP43,17.75,Low Fat,0.030631323,Others,178.566,OUT018,2009,Medium,Tier 3,Supermarket Type2,2516.724
DRI23,18.85,Low Fat,0.13747519,Hard Drinks,158.6578,OUT045,2002,,Tier 2,Supermarket Type1,3369.6138
FDJ55,12.8,Regular,0.023526504,Meat,223.5404,OUT035,2004,Small,Tier 2,Supermarket Type1,5626.01
FDK10,5.785,Regular,0.040523265,Snack Foods,177.866,OUT018,2009,Medium,Tier 3,Supermarket Type2,4853.682
FDS13,6.465,Low Fat,0,Canned,263.1884,OUT018,2009,Medium,Tier 3,Supermarket Type2,2914.8724
FDX26,17.7,Low Fat,0.087791917,Dairy,180.6292,OUT035,2004,Small,Tier 2,Supermarket Type1,3101.2964
FDK16,,Low Fat,0.114771298,Frozen Foods,93.9094,OUT027,1985,Medium,Tier 3,Supermarket Type3,3903.5854
NCG07,12.3,Low Fat,0.052492122,Household,191.053,OUT035,2004,Small,Tier 2,Supermarket Type1,3415.554
NCW17,18,Low Fat,0.019382568,Health and Hygiene,129.3994,OUT035,2004,Small,Tier 2,Supermarket Type1,3340.9844
NCB43,20.2,Low Fat,0,Household,187.1898,OUT013,1987,High,Tier 3,Supermarket Type1,2993.4368
NCB43,,Low Fat,0.099428487,Household,187.8898,OUT027,1985,Medium,Tier 3,Supermarket Type3,7296.5022
NCZ54,14.65,Low Fat,0.083488992,Household,161.3552,OUT049,1999,Medium,Tier 1,Supermarket Type1,7148.0288
FDS48,,Low Fat,0.027644732,Baking Goods,149.4708,OUT027,1985,Medium,Tier 3,Supermarket Type3,3159.8868
FDR55,12.15,Regular,0.132621594,Fruits and Vegetables,190.1872,OUT018,2009,Medium,Tier 3,Supermarket Type2,3781.744
FDT21,,Low Fat,0,Snack Foods,248.8092,OUT027,1985,Medium,Tier 3,Supermarket Type3,6474.2392
DRI51,17.25,Low Fat,0.042413704,Dairy,173.1764,OUT018,2009,Medium,Tier 3,Supermarket Type2,4466.1864
FDY39,,Regular,0,Meat,182.0608,OUT027,1985,Medium,Tier 3,Supermarket Type3,7717.9536
FDH24,20.7,Low Fat,0.021464454,Baking Goods,156.6288,OUT049,1999,Medium,Tier 1,Supermarket Type1,3928.22
NCT41,15.7,Low Fat,0.05610384,Health and Hygiene,153.5024,OUT045,2002,,Tier 2,Supermarket Type1,2580.6408
FDA15,9.3,Low Fat,0.016087659,Dairy,249.6092,OUT018,2009,Medium,Tier 3,Supermarket Type2,5976.2208
FDA33,6.48,Low Fat,0.033893487,Snack Foods,147.0076,OUT035,2004,Small,Tier 2,Supermarket Type1,3103.9596
FDZ10,17.85,Low Fat,0.04453262,Snack Foods,127.202,OUT049,1999,Medium,Tier 1,Supermarket Type1,2656.542
NCU30,5.11,Low Fat,0.035071955,Household,163.221,OUT017,2007,,Tier 2,Supermarket Type1,2773.057
FDJ21,16.7,Regular,0.038496166,Snack Foods,147.5102,OUT013,1987,High,Tier 3,Supermarket Type1,5540.7876
FDL58,5.78,Regular,0.074451126,Snack Foods,264.5568,OUT018,2009,Medium,Tier 3,Supermarket Type2,6327.7632
FDQ27,5.19,Regular,0.044321422,Meat,103.899,OUT049,1999,Medium,Tier 1,Supermarket Type1,2889.572
FDY19,19.75,Low Fat,0.041448824,Fruits and Vegetables,116.5466,OUT045,2002,,Tier 2,Supermarket Type1,2828.3184
FDX32,15.1,Regular,0.100265027,Fruits and Vegetables,142.5786,OUT018,2009,Medium,Tier 3,Supermarket Type2,3323.0078
FDI15,13.8,Low Fat,0.141325834,Dairy,265.0884,OUT035,2004,Small,Tier 2,Supermarket Type1,8479.6288
NCX29,10,Low Fat,0.089291137,Health and Hygiene,146.7102,OUT049,1999,Medium,Tier 1,Supermarket Type1,3791.0652
FDB02,9.695,Regular,0.029283081,Canned,175.137,OUT018,2009,Medium,Tier 3,Supermarket Type2,3705.177
FDI46,9.5,Low Fat,0.074345268,Snack Foods,251.9724,OUT046,1997,Small,Tier 1,Supermarket Type1,3523.4136
FDG16,15.25,Low Fat,0.089816808,Frozen Foods,217.3192,OUT046,1997,Small,Tier 1,Supermarket Type1,5608.6992
FDG21,17.35,Regular,0.146299902,Seafood,150.405,OUT046,1997,Small,Tier 1,Supermarket Type1,3894.93
NCL29,9.695,Low Fat,0.114583922,Health and Hygiene,156.4604,OUT017,2007,,Tier 2,Supermarket Type1,2535.3664
NCF18,18.35,LF,0.089345074,Household,191.9504,OUT018,2009,Medium,Tier 3,Supermarket Type2,5369.0112
FDI34,10.65,Regular,0.085119855,Snack Foods,229.8668,OUT035,2004,Small,Tier 2,Supermarket Type1,4146.6024
DRM37,15.35,Low Fat,0.096379585,Soft Drinks,196.5768,OUT035,2004,Small,Tier 2,Supermarket Type1,4729.8432
NCC18,19.1,Low Fat,0.177236497,Household,172.3422,OUT035,2004,Small,Tier 2,Supermarket Type1,2586.633
FDD34,7.945,Low Fat,0.015873285,Snack Foods,161.321,OUT035,2004,Small,Tier 2,Supermarket Type1,2773.057
NCA29,10.5,Low Fat,0.02727641,Household,171.3106,OUT046,1997,Small,Tier 1,Supermarket Type1,3593.3226
FDZ55,,Low Fat,0.02528566,Fruits and Vegetables,158.792,OUT027,1985,Medium,Tier 3,Supermarket Type3,4474.176
FDN09,14.15,Low Fat,0.034845668,Snack Foods,242.7828,OUT013,1987,High,Tier 3,Supermarket Type1,3167.8764
FDX09,9,Low Fat,0.065236932,Snack Foods,176.437,OUT035,2004,Small,Tier 2,Supermarket Type1,7763.228
FDO20,12.85,Regular,0.152747503,Fruits and Vegetables,252.0382,OUT018,2009,Medium,Tier 3,Supermarket Type2,4037.4112
FDN39,19.35,Regular,0.065507999,Meat,168.9816,OUT035,2004,Small,Tier 2,Supermarket Type1,2852.2872
FDI57,19.85,Low Fat,0.054331235,Seafood,198.7768,OUT017,2007,,Tier 2,Supermarket Type1,4532.7664
FDT40,5.985,Low Fat,0.095715608,Frozen Foods,125.8678,OUT013,1987,High,Tier 3,Supermarket Type1,3560.6984
FDN60,,Low Fat,0.094697274,Baking Goods,158.4604,OUT027,1985,Medium,Tier 3,Supermarket Type3,4278.4308
FDT21,7.42,Low Fat,0.02050719,Snack Foods,249.7092,OUT017,2007,,Tier 2,Supermarket Type1,7719.2852
NCN55,14.6,Low Fat,0.059732844,Others,241.2538,OUT018,2009,Medium,Tier 3,Supermarket Type2,5287.7836
NCL42,18.85,Low Fat,0.040599963,Household,244.0144,OUT017,2007,,Tier 2,Supermarket Type1,5635.3312
NCO30,19.5,Low Fat,0.01581384,Household,183.2608,OUT017,2007,,Tier 2,Supermarket Type1,2940.1728
NCC06,19,Low Fat,0.026986367,Household,127.1336,OUT046,1997,Small,Tier 1,Supermarket Type1,2812.3392
FDX07,19.2,Regular,0.022965292,Fruits and Vegetables,181.695,OUT045,2002,,Tier 2,Supermarket Type1,2563.33
FDU02,13.35,Low Fat,0.1027194,Dairy,228.8352,OUT045,2002,,Tier 2,Supermarket Type1,5267.8096
DRI23,,Low Fat,0.136532569,Hard Drinks,159.6578,OUT027,1985,Medium,Tier 3,Supermarket Type3,2888.2404
FDU58,6.61,Regular,0.029129907,Snack Foods,188.4898,OUT018,2009,Medium,Tier 3,Supermarket Type2,4677.245
FDF05,,Low Fat,0.026740767,Frozen Foods,261.291,OUT027,1985,Medium,Tier 3,Supermarket Type3,5522.811
FDS55,,Low Fat,0.080771137,Fruits and Vegetables,146.4734,OUT027,1985,Medium,Tier 3,Supermarket Type3,4157.2552
FDA15,9.3,Low Fat,0.016054884,Dairy,250.2092,OUT045,2002,,Tier 2,Supermarket Type1,5976.2208
FDT07,5.82,Regular,0.077319079,Fruits and Vegetables,255.433,OUT046,1997,Small,Tier 1,Supermarket Type1,4357.661
NCL19,15.35,Low Fat,0.015673267,Others,145.047,OUT035,2004,Small,Tier 2,Supermarket Type1,2719.793
FDH21,,Low Fat,0.031073804,Seafood,157.5604,OUT027,1985,Medium,Tier 3,Supermarket Type3,5704.5744
FDR35,12.5,Low Fat,0.020680499,Breads,197.2742,OUT013,1987,High,Tier 3,Supermarket Type1,2587.9646
FDI15,13.8,Low Fat,0,Dairy,263.7884,OUT049,1999,Medium,Tier 1,Supermarket Type1,3709.8376
FDN56,5.46,Regular,0.107274301,Fruits and Vegetables,145.5786,OUT045,2002,,Tier 2,Supermarket Type1,3900.9222
FDV31,9.8,LF,0,Fruits and Vegetables,175.237,OUT049,1999,Medium,Tier 1,Supermarket Type1,3881.614
FDL45,,Low Fat,0.037505332,Snack Foods,126.2704,OUT027,1985,Medium,Tier 3,Supermarket Type3,4255.7936
DRE01,10.1,Low Fat,0.167155198,Soft Drinks,241.7512,OUT046,1997,Small,Tier 1,Supermarket Type1,5331.7264
NCJ19,,Low Fat,0.117607719,Others,55.2588,OUT027,1985,Medium,Tier 3,Supermarket Type3,2748.4224
FDY46,18.6,Low Fat,0.047964395,Snack Foods,185.0898,OUT049,1999,Medium,Tier 1,Supermarket Type1,2993.4368
FDJ41,6.85,Low Fat,0.022976497,Frozen Foods,261.6594,OUT018,2009,Medium,Tier 3,Supermarket Type2,3401.5722
NCN42,,Low Fat,0.014153743,Household,145.6418,OUT027,1985,Medium,Tier 3,Supermarket Type3,3825.6868
NCM05,6.825,Low Fat,0.059835659,Health and Hygiene,264.3226,OUT035,2004,Small,Tier 2,Supermarket Type1,4229.1616
FDR55,,Regular,0.131443921,Fruits and Vegetables,189.1872,OUT027,1985,Medium,Tier 3,Supermarket Type3,5294.4416
FDO39,6.985,Regular,0.13725257,Meat,183.7608,OUT013,1987,High,Tier 3,Supermarket Type1,2940.1728
DRI47,14.7,Low Fat,0.02090277,Hard Drinks,144.5128,OUT013,1987,High,Tier 3,Supermarket Type1,3307.6944
FDO16,5.48,Low Fat,0.015138834,Frozen Foods,81.925,OUT045,2002,,Tier 2,Supermarket Type1,3079.325
FDV22,14.85,Regular,0.009979271,Snack Foods,155.763,OUT018,2009,Medium,Tier 3,Supermarket Type2,3129.26
FDS04,10.195,Regular,0,Frozen Foods,139.5838,OUT018,2009,Medium,Tier 3,Supermarket Type2,4495.4816
FDB15,10.895,Low Fat,0.137023446,Dairy,263.7568,OUT049,1999,Medium,Tier 1,Supermarket Type1,7646.0472
NCQ53,,low fat,0.018813776,Health and Hygiene,235.259,OUT027,1985,Medium,Tier 3,Supermarket Type3,5672.616
FDY27,6.38,Low Fat,0.032028115,Dairy,178.3344,OUT018,2009,Medium,Tier 3,Supermarket Type2,3211.8192
FDH35,18.25,Low Fat,0,Starchy Foods,164.7526,OUT045,2002,,Tier 2,Supermarket Type1,4604.6728
FDX45,16.75,Low Fat,0,Snack Foods,156.163,OUT046,1997,Small,Tier 1,Supermarket Type1,2816.334
FDV52,20.7,Regular,0.122208091,Frozen Foods,119.7466,OUT017,2007,,Tier 2,Supermarket Type1,4006.7844
FDX39,14.3,Regular,0.049634817,Meat,212.5586,OUT013,1987,High,Tier 3,Supermarket Type1,3165.879
FDW34,,Low Fat,0.035406842,Snack Foods,244.317,OUT027,1985,Medium,Tier 3,Supermarket Type3,8262.578
FDV20,20.2,Regular,0,Fruits and Vegetables,129.0678,OUT017,2007,,Tier 2,Supermarket Type1,3560.6984
NCE06,,Low Fat,0.091042211,Household,162.6894,OUT027,1985,Medium,Tier 3,Supermarket Type3,2588.6304
FDI57,19.85,Low Fat,0.053980686,Seafood,196.8768,OUT013,1987,High,Tier 3,Supermarket Type1,2561.9984
FDH50,15,Regular,0.162348584,Canned,185.9266,OUT017,2007,,Tier 2,Supermarket Type1,4610.665
FDP34,12.85,LF,0.137786856,Snack Foods,157.763,OUT018,2009,Medium,Tier 3,Supermarket Type2,2659.871
FDV46,18.2,Low Fat,0.012597384,Snack Foods,141.218,OUT013,1987,High,Tier 3,Supermarket Type1,2936.178
FDT08,13.65,Low Fat,0.049496899,Fruits and Vegetables,151.505,OUT017,2007,,Tier 2,Supermarket Type1,2846.295
FDR11,10.5,Regular,0.142759833,Breads,159.3578,OUT049,1999,Medium,Tier 1,Supermarket Type1,3048.6982
FDD44,8.05,Regular,0.07838564,Fruits and Vegetables,256.4646,OUT035,2004,Small,Tier 2,Supermarket Type1,5153.292
FDR48,11.65,Low Fat,0.132248069,Baking Goods,150.5024,OUT017,2007,,Tier 2,Supermarket Type1,3187.8504
FDU20,19.35,Regular,0.021453493,Fruits and Vegetables,120.3098,OUT035,2004,Small,Tier 2,Supermarket Type1,2530.7058
FDB15,10.895,Low Fat,0.137584599,Dairy,262.2568,OUT017,2007,,Tier 2,Supermarket Type1,3954.852
FDF34,9.3,Regular,0.014047825,Snack Foods,196.5084,OUT045,2002,,Tier 2,Supermarket Type1,4364.9848
NCD54,,Low Fat,0.028868467,Household,146.3786,OUT027,1985,Medium,Tier 3,Supermarket Type3,5056.751
FDD34,7.945,Low Fat,0.015908485,Snack Foods,161.421,OUT045,2002,,Tier 2,Supermarket Type1,3425.541
FDV60,20.2,Regular,0,Baking Goods,197.211,OUT013,1987,High,Tier 3,Supermarket Type1,3535.398
FDR51,,Regular,0.172629683,Meat,148.4708,OUT027,1985,Medium,Tier 3,Supermarket Type3,3761.77
FDS10,,Low Fat,0.0350152,Snack Foods,182.0318,OUT027,1985,Medium,Tier 3,Supermarket Type3,5954.2494
FDH44,19.1,Regular,0.025924623,Fruits and Vegetables,148.0418,OUT045,2002,,Tier 2,Supermarket Type1,3825.6868
FDJ38,8.6,Regular,0.040197932,Canned,190.153,OUT035,2004,Small,Tier 2,Supermarket Type1,3036.048
FDJ60,19.35,Regular,0.062516602,Baking Goods,163.9184,OUT035,2004,Small,Tier 2,Supermarket Type1,3137.2496
DRF37,17.25,Low Fat,0.084676173,Soft Drinks,263.191,OUT018,2009,Medium,Tier 3,Supermarket Type2,3944.865
FDZ38,17.6,Low Fat,0.008046275,Dairy,173.7422,OUT017,2007,,Tier 2,Supermarket Type1,5863.0348
FDE16,,Low Fat,0.026216144,Frozen Foods,207.5954,OUT027,1985,Medium,Tier 3,Supermarket Type3,6668.6528
FDV60,,Regular,0.11679292,Baking Goods,196.211,OUT027,1985,Medium,Tier 3,Supermarket Type3,5499.508
FDV57,,Regular,0.065577449,Snack Foods,181.766,OUT027,1985,Medium,Tier 3,Supermarket Type3,7370.406
FDH34,8.63,Low Fat,0.031271134,Snack Foods,186.0582,OUT017,2007,,Tier 2,Supermarket Type1,3900.9222
NCQ06,13,Low Fat,0.041789718,Household,256.1014,OUT013,1987,High,Tier 3,Supermarket Type1,2550.014
FDL24,,Regular,0.024776026,Baking Goods,172.3422,OUT027,1985,Medium,Tier 3,Supermarket Type3,7759.899
FDC39,7.405,Low Fat,0.159062948,Dairy,208.9296,OUT013,1987,High,Tier 3,Supermarket Type1,2700.4848
DRN37,9.6,Low Fat,0.096217262,Soft Drinks,168.5158,OUT013,1987,High,Tier 3,Supermarket Type1,3342.316
NCR53,,Low Fat,0.144338493,Health and Hygiene,224.4404,OUT027,1985,Medium,Tier 3,Supermarket Type3,6976.2524
FDV45,16.75,Low Fat,0.045138797,Snack Foods,187.9556,OUT045,2002,,Tier 2,Supermarket Type1,2816.334
DRI13,15.35,Low Fat,0.020310046,Soft Drinks,218.0508,OUT013,1987,High,Tier 3,Supermarket Type1,3038.7112
DRN37,9.6,Low Fat,0,Soft Drinks,166.5158,OUT049,1999,Medium,Tier 1,Supermarket Type1,3509.4318
NCP42,8.51,Low Fat,0.016135764,Household,195.6478,OUT049,1999,Medium,Tier 1,Supermarket Type1,4262.4516
DRI03,6.03,Low Fat,0.022703693,Dairy,177.9028,OUT046,1997,Small,Tier 1,Supermarket Type1,4781.7756
NCA54,16.5,Low Fat,0.036611104,Household,180.9318,OUT013,1987,High,Tier 3,Supermarket Type1,3247.7724
FDE26,9.3,Low Fat,0.089186275,Canned,145.3786,OUT045,2002,,Tier 2,Supermarket Type1,2745.0934
FDU50,,Regular,0.074806196,Dairy,112.9176,OUT027,1985,Medium,Tier 3,Supermarket Type3,3435.528
FDD05,19.35,Low Fat,0.016611475,Frozen Foods,122.0098,OUT046,1997,Small,Tier 1,Supermarket Type1,2651.2156
DRI47,14.7,Low Fat,0.021005399,Hard Drinks,144.5128,OUT018,2009,Medium,Tier 3,Supermarket Type2,2588.6304
FDX11,16,Regular,0.106663245,Baking Goods,179.7634,OUT013,1987,High,Tier 3,Supermarket Type1,4180.5582
FDG05,,Regular,0.087421738,Frozen Foods,154.463,OUT027,1985,Medium,Tier 3,Supermarket Type3,2972.797
FDZ50,12.8,Regular,0.079523619,Dairy,181.7608,OUT017,2007,,Tier 2,Supermarket Type1,4961.5416
NCY53,20,Low Fat,0.05848134,Health and Hygiene,113.3544,OUT046,1997,Small,Tier 1,Supermarket Type1,2572.6512
NCF18,,Low Fat,0.088551694,Household,191.5504,OUT027,1985,Medium,Tier 3,Supermarket Type3,5944.2624
FDQ46,7.51,Low Fat,0.103793399,Snack Foods,110.1544,OUT035,2004,Small,Tier 2,Supermarket Type1,2684.5056
FDY51,12.5,Low Fat,0.081465335,Meat,220.7798,OUT018,2009,Medium,Tier 3,Supermarket Type2,6611.394
FDT03,21.25,Low Fat,0.01005532,Meat,183.1608,OUT017,2007,,Tier 2,Supermarket Type1,2756.412
NCM43,,Low Fat,0.01938106,Others,164.321,OUT027,1985,Medium,Tier 3,Supermarket Type3,5546.114
NCP18,,Low Fat,0.028459761,Household,149.9708,OUT027,1985,Medium,Tier 3,Supermarket Type3,4363.6532
NCU30,5.11,Low Fat,0,Household,164.721,OUT018,2009,Medium,Tier 3,Supermarket Type2,3588.662
FDN60,15.1,Low Fat,0.095696334,Baking Goods,159.7604,OUT017,2007,,Tier 2,Supermarket Type1,2693.8268
NCI18,18.35,LF,0.014024028,Household,224.5746,OUT046,1997,Small,Tier 1,Supermarket Type1,2692.4952
NCR53,12.15,Low Fat,0.14526636,Health and Hygiene,224.0404,OUT049,1999,Medium,Tier 1,Supermarket Type1,3375.606
FDK41,,LF,0.126924095,Frozen Foods,87.2224,OUT027,1985,Medium,Tier 3,Supermarket Type3,3494.1184
FDJ21,16.7,Regular,0.03874616,Snack Foods,143.8102,OUT017,2007,,Tier 2,Supermarket Type1,4811.7366
FDZ49,11,Regular,0.133352623,Canned,219.7798,OUT049,1999,Medium,Tier 1,Supermarket Type1,2644.5576
